07012016,HE07,15.5178
07012016,HE06,15.9345
07012016,HE09,16.8896
07012016,HE08,16.9326
07012016,HE23,22.3739
07012016,HE22,29.1233
07012016,HE21,29.6309
07012016,HE20,29.8864
07012016,HE24,22.179
07012016,HE16,29.3814
07012016,HE17,29.4881
07012016,HE14,22.8462
07012016,HE15,21.5402
07012016,HE12,18.4649
07012016,HE13,22.7763
07012016,HE10,16.5754
07012016,HE11,18.1034
07012016,HE18,27.7434
07012016,HE19,28.2059
07022016,HE01,23.9491
07022016,HE03,20.5635
07022016,HE02,20.833
07022016,HE05,14.3506
07022016,HE04,18.2835
07022016,HE07,15.1511
07022016,HE06,15.782
07022016,HE09,16.3334
07022016,HE08,15.1304
07022016,HE23,31.0502
07022016,HE22,32.0257
07022016,HE21,34.4283
07022016,HE20,35.3758
07022016,HE24,24.7651
07022016,HE16,18.672
07022016,HE17,24.8545
07022016,HE14,19.3367
07022016,HE15,19.2569
07022016,HE12,15.0319
07022016,HE13,13.6617
07022016,HE10,15.6997
07022016,HE11,16.836
07022016,HE18,24.294
07022016,HE19,29.7323
07032016,HE01,21.2788
07032016,HE03,19.2742
07032016,HE02,18.6047
07032016,HE05,16.7939
07032016,HE04,15.9296
07032016,HE07,20.5046
07032016,HE06,18.217
07032016,HE09,18.4517
07032016,HE08,19.1994
07032016,HE23,27.4406
07032016,HE22,29.1058
07032016,HE21,29.274
07032016,HE20,28.823
07032016,HE24,25.0726
07032016,HE16,20.0721
07032016,HE17,22.1777
07032016,HE14,18.8215
07032016,HE15,19.9989
07032016,HE12,16.7615
07032016,HE13,17.1072
07032016,HE10,17.2912
07032016,HE11,16.6372
07032016,HE18,22.7336
07032016,HE19,24.0051
07042016,HE01,21.2003
07042016,HE03,19.3267
07042016,HE02,20.5762
07042016,HE05,19.4668
07042016,HE04,17.9169
07042016,HE07,16.5231
07042016,HE06,18.9042
07042016,HE09,17.3438
07042016,HE08,18.2593
07042016,HE23,26.3891
07042016,HE22,25.7873
07042016,HE21,26.541
07042016,HE20,25.9475
07042016,HE24,26.5717
07042016,HE16,19.4787
07042016,HE17,19.9053
07042016,HE14,18.4527
07042016,HE15,19.6399
07042016,HE12,13.9756
07042016,HE13,18.0429
07042016,HE10,17.3431
07042016,HE11,17.3598
07042016,HE18,22.7063
07042016,HE19,23.3791
07052016,HE01,22.2128
07052016,HE03,16.2048
07052016,HE02,21.2373
07052016,HE05,16.6504
07052016,HE04,16.4475
07052016,HE07,8.7864
07052016,HE06,15.3909
07052016,HE09,14.5298
07052016,HE08,11.3032
07052016,HE23,32.4964
07052016,HE22,33.2766
07052016,HE21,31.6283
07052016,HE20,28.5986
07052016,HE24,33.6183
07052016,HE16,24.5109
07052016,HE17,27.3156
07052016,HE14,24.6995
07052016,HE15,23.6764
07052016,HE12,16.7492
07052016,HE13,19.3872
07052016,HE10,14.8567
07052016,HE11,17.0526
07052016,HE18,29.5962
07052016,HE19,30.0952
07062016,HE01,31.758
07062016,HE03,27.1551
07062016,HE02,27.4235
07062016,HE05,18.4538
07062016,HE04,19.3748
07062016,HE07,17.214
07062016,HE06,17.5023
07062016,HE09,15.3616
07062016,HE08,17.5875
07062016,HE23,30.5893
07062016,HE22,36.5486
07062016,HE21,34.944
07062016,HE20,61.7004
07062016,HE24,29.1099
07062016,HE16,20.6394
07062016,HE17,21.9507
07062016,HE14,19.5717
07062016,HE15,19.2808
07062016,HE12,18.1699
07062016,HE13,19.7713
07062016,HE10,16.8516
07062016,HE11,17.9063
07062016,HE18,27.4865
07062016,HE19,30.5549
07072016,HE01,28.5573
07072016,HE03,22.7033
07072016,HE02,26.6491
07072016,HE05,17.7084
07072016,HE04,23.0085
07072016,HE07,16.0821
07072016,HE06,16.5505
07072016,HE09,14.2654
07072016,HE08,14.5952
07072016,HE23,30.606
07072016,HE22,33.8871
07072016,HE21,33.8409
07072016,HE20,32.4544
07072016,HE24,31.4861
07072016,HE16,20.9257
07072016,HE17,21.917
07072016,HE14,21.835
07072016,HE15,20.4576
07072016,HE12,19.9306
07072016,HE13,21.9402
07072016,HE10,14.4107
07072016,HE11,14.4955
07072016,HE18,27.3487
07072016,HE19,36.7073
07082016,HE01,24.6713
07082016,HE03,24.931
07082016,HE02,25.2012
07082016,HE05,18.275
07082016,HE04,22.2871
07082016,HE07,14.4528
07082016,HE06,14.1963
07082016,HE09,17.5548
07082016,HE08,17.3085
07082016,HE23,28.1276
07082016,HE22,33.094
07082016,HE21,34.3696
07082016,HE20,31.1719
07082016,HE24,28.285
07082016,HE16,135.8242
07082016,HE17,28.7204
07082016,HE14,24.2703
07082016,HE15,22.4078
07082016,HE12,18.3115
07082016,HE13,19.0167
07082016,HE10,17.0619
07082016,HE11,18.1424
07082016,HE18,28.0192
07082016,HE19,27.3416
07092016,HE01,30.0061
07092016,HE03,21.7903
07092016,HE02,28.0902
07092016,HE05,16.0944
07092016,HE04,18.6033
07092016,HE07,16.8785
07092016,HE06,16.5466
07092016,HE09,17.2834
07092016,HE08,17.2525
07092016,HE23,28.894
07092016,HE22,33.1552
07092016,HE21,32.4311
07092016,HE20,32.1805
07092016,HE24,28.2227
07092016,HE16,30.0462
07092016,HE17,32.3121
07092016,HE14,26.2966
07092016,HE15,59.1377
07092016,HE12,16.5552
07092016,HE13,18.7024
07092016,HE10,16.7
07092016,HE11,16.7562
07092016,HE18,29.171
07092016,HE19,31.0979
07102016,HE01,26.388
07102016,HE03,19.5371
07102016,HE02,24.3644
07102016,HE05,17.5808
07102016,HE04,19.4023
07102016,HE07,18.1023
07102016,HE06,21.6291
07102016,HE09,16.6946
07102016,HE08,17.8899
07102016,HE23,73.1707
07102016,HE22,78.6527
07102016,HE21,63.6101
07102016,HE20,45.392
07102016,HE24,39.8065
07102016,HE16,28.4682
07102016,HE17,151.8891
07102016,HE14,24.2385
07102016,HE15,24.4976
07102016,HE12,13.8888
07102016,HE13,17.8308
07102016,HE10,16.0032
07102016,HE11,15.6243
07102016,HE18,73.4571
07102016,HE19,59.057
07112016,HE01,30.8392
07112016,HE03,31.3205
07112016,HE02,21.3584
07112016,HE05,23.6607
07112016,HE04,22.1056
07112016,HE07,15.6206
07112016,HE06,17.2072
07112016,HE09,13.8166
07112016,HE08,13.8035
07112016,HE23,31.7032
07112016,HE22,32.3416
07112016,HE21,33.684
07112016,HE20,30.4514
07112016,HE24,34.0056
07112016,HE16,25.5426
07112016,HE17,27.9904
07112016,HE14,30.3871
07112016,HE15,26.9972
07112016,HE12,16.2781
07112016,HE13,19.4624
07112016,HE10,15.2968
07112016,HE11,15.9478
07112016,HE18,25.5196
07112016,HE19,29.4296
07122016,HE01,29.381
07122016,HE03,27.5148
07122016,HE02,27.8962
07122016,HE05,16.3365
07122016,HE04,26.0594
07122016,HE07,16.8417
07122016,HE06,17.4614
07122016,HE09,15.7711
07122016,HE08,16.0584
07122016,HE23,29.7787
07122016,HE22,29.706
07122016,HE21,29.1783
07122016,HE20,30.1565
07122016,HE24,28.4115
07122016,HE16,22.2413
07122016,HE17,23.5263
07122016,HE14,18.1049
07122016,HE15,18.9266
07122016,HE12,17.9433
07122016,HE13,18.4413
07122016,HE10,15.7536
07122016,HE11,17.2696
07122016,HE18,24.6686
07122016,HE19,26.4837
07132016,HE01,27.554
07132016,HE03,23.513
07132016,HE02,25.6211
07132016,HE05,14.6068
07132016,HE04,17.3065
07132016,HE07,11.6512
07132016,HE06,10.9178
07132016,HE09,12.9119
07132016,HE08,12.5742
07132016,HE23,33.4626
07132016,HE22,33.5179
07132016,HE21,31.9429
07132016,HE20,29.8633
07132016,HE24,32.9001
07132016,HE16,25.7917
07132016,HE17,23.5114
07132016,HE14,19.4544
07132016,HE15,25.0644
07132016,HE12,14.7987
07132016,HE13,18.5365
07132016,HE10,14.2922
07132016,HE11,16.5332
07132016,HE18,25.0424
07132016,HE19,29.583
07142016,HE01,32.2075
07142016,HE03,25.6418
07142016,HE02,29.0522
07142016,HE05,20.0292
07142016,HE04,22.0378
07142016,HE07,17.9213
07142016,HE06,17.8137
07142016,HE09,17.1836
07142016,HE08,16.7919
07142016,HE23,26.9614
07142016,HE22,25.141
07142016,HE21,28.1419
07142016,HE20,26.2822
07142016,HE24,27.2678
07142016,HE16,22.9446
07142016,HE17,28.1227
07142016,HE14,18.5265
07142016,HE15,20.0151
07142016,HE12,15.0511
07142016,HE13,19.4208
07142016,HE10,16.9028
07142016,HE11,15.834
07142016,HE18,25.5868
07142016,HE19,27.0871
07152016,HE01,26.3968
07152016,HE03,26.2254
07152016,HE02,23.5665
07152016,HE05,17.5524
07152016,HE04,23.5504
07152016,HE07,17.0396
07152016,HE06,17.1204
07152016,HE09,16.1206
07152016,HE08,15.8201
07152016,HE23,25.0693
07152016,HE22,28.7694
07152016,HE21,29.2449
07152016,HE20,28.3697
07152016,HE24,25.7172
07152016,HE16,24.5003
07152016,HE17,25.4452
07152016,HE14,21.9602
07152016,HE15,23.1086
07152016,HE12,18.0369
07152016,HE13,18.7051
07152016,HE10,16.4659
07152016,HE11,17.981
07152016,HE18,27.2286
07152016,HE19,28.9096
07162016,HE01,25.0656
07162016,HE03,21.9465
07162016,HE02,17.8292
07162016,HE05,19.1601
07162016,HE04,21.1681
07162016,HE07,17.9454
07162016,HE06,17.1427
07162016,HE09,17.6502
07162016,HE08,17.997
07162016,HE23,25.8134
07162016,HE22,26.0867
07162016,HE21,25.479
07162016,HE20,29.0609
07162016,HE24,28.0964
07162016,HE16,33.3532
07162016,HE17,28.0179
07162016,HE14,24.7933
07162016,HE15,25.6256
07162016,HE12,18.0025
07162016,HE13,18.8559
07162016,HE10,17.629
07162016,HE11,17.9774
07162016,HE18,25.6315
07162016,HE19,26.654
07172016,HE01,22.9342
07172016,HE03,19.5511
07172016,HE02,21.0009
07172016,HE05,15.7227
07172016,HE04,21.5723
07172016,HE07,15.4038
07172016,HE06,15.6471
07172016,HE09,10.6432
07172016,HE08,13.719
07172016,HE23,29.7324
07172016,HE22,29.1128
07172016,HE21,28.1923
07172016,HE20,28.6271
07172016,HE24,29.7678
07172016,HE16,28.0432
07172016,HE17,26.2902
07172016,HE14,18.9305
07172016,HE15,20.0074
07172016,HE12,10.5214
07172016,HE13,15.3214
07172016,HE10,11.7704
07172016,HE11,14.3639
07172016,HE18,26.6673
07172016,HE19,26.6167
07182016,HE01,26.6154
07182016,HE03,26.9721
07182016,HE02,24.1612
07182016,HE05,16.9289
07182016,HE04,19.3564
07182016,HE07,16.6439
07182016,HE06,16.4943
07182016,HE09,13.9766
07182016,HE08,15.2735
07182016,HE23,41.9591
07182016,HE22,31.8834
07182016,HE21,31.52
07182016,HE20,31.0096
07182016,HE24,35.707
07182016,HE16,26.7105
07182016,HE17,29.6639
07182016,HE14,21.891
07182016,HE15,21.9576
07182016,HE12,16.7298
07182016,HE13,18.9793
07182016,HE10,14.1605
07182016,HE11,16.0475
07182016,HE18,128.7778
07182016,HE19,31.4543
07192016,HE01,30.9878
07192016,HE03,25.4811
07192016,HE02,27.7528
07192016,HE05,16.7482
07192016,HE04,20.7075
07192016,HE07,16.5992
07192016,HE06,15.5698
07192016,HE09,16.5105
07192016,HE08,16.7228
07192016,HE23,32.4308
07192016,HE22,32.8859
07192016,HE21,32.1908
07192016,HE20,30.2184
07192016,HE24,31.2842
07192016,HE16,28.8742
07192016,HE17,32.9918
07192016,HE14,24.2854
07192016,HE15,25.9774
07192016,HE12,17.5493
07192016,HE13,18.8578
07192016,HE10,16.5413
07192016,HE11,17.3804
07192016,HE18,30.5959
07192016,HE19,30.2746
07202016,HE01,28.7596
07202016,HE03,21.2823
07202016,HE02,27.0903
07202016,HE05,14.1208
07202016,HE04,18.0254
07202016,HE07,14.24
07202016,HE06,14.5599
07202016,HE09,13.7967
07202016,HE08,14.1977
07202016,HE23,32.2105
07202016,HE22,34.1464
07202016,HE21,31.1721
07202016,HE20,31.7086
07202016,HE24,31.1437
07202016,HE16,25.0968
07202016,HE17,28.5862
07202016,HE14,20.6229
07202016,HE15,21.699
07202016,HE12,16.2898
07202016,HE13,18.1176
07202016,HE10,14.0239
07202016,HE11,15.7312
07202016,HE18,32.0788
07202016,HE19,33.0245
07212016,HE01,28.8948
07212016,HE03,22.758
07212016,HE02,28.1639
07212016,HE05,17.9931
07212016,HE04,19.619
07212016,HE07,17.1963
07212016,HE06,18.5839
07212016,HE09,15.8009
07212016,HE08,16.9877
07212016,HE23,30.1189
07212016,HE22,29.7542
07212016,HE21,29.5046
07212016,HE20,28.6639
07212016,HE24,30.1044
07212016,HE16,31.3233
07212016,HE17,30.7955
07212016,HE14,23.9982
07212016,HE15,26.8362
07212016,HE12,18.601
07212016,HE13,19.7115
07212016,HE10,16.6121
07212016,HE11,18.2476
07212016,HE18,31.0904
07212016,HE19,30.4721
07222016,HE01,31.3502
07222016,HE03,27.3434
07222016,HE02,29.4037
07222016,HE05,19.8015
07222016,HE04,23.4997
07222016,HE07,17.7846
07222016,HE06,17.3891
07222016,HE09,17.2278
07222016,HE08,16.7996
07222016,HE23,32.9834
07222016,HE22,38.244
07222016,HE21,33.0856
07222016,HE20,32.1243
07222016,HE24,31.6362
07222016,HE16,80.2172
07222016,HE17,31.1486
07222016,HE14,27.697
07222016,HE15,27.8669
07222016,HE12,18.425
07222016,HE13,19.6128
07222016,HE10,17.1247
07222016,HE11,18.0294
07222016,HE18,32.4534
07222016,HE19,32.5071
07232016,HE01,32.0154
07232016,HE03,23.423
07232016,HE02,29.1713
07232016,HE05,19.1477
07232016,HE04,21.1141
07232016,HE07,16.0057
07232016,HE06,17.4032
07232016,HE09,14.8905
07232016,HE08,15.5707
07232016,HE23,32.5603
07232016,HE22,32.6763
07232016,HE21,30.2359
07232016,HE20,28.4065
07232016,HE24,30.946
07232016,HE16,24.4128
07232016,HE17,26.7241
07232016,HE14,21.5967
07232016,HE15,23.6534
07232016,HE12,14.5356
07232016,HE13,17.6806
07232016,HE10,15.6471
07232016,HE11,16.58
07232016,HE18,29.934
07232016,HE19,27.3404
07242016,HE01,28.0634
07242016,HE03,21.0917
07242016,HE02,24.5527
07242016,HE05,17.9332
07242016,HE04,18.1047
07242016,HE07,17.0961
07242016,HE06,17.6678
07242016,HE09,16.9741
07242016,HE08,17.1353
07242016,HE23,32.1013
07242016,HE22,34.202
07242016,HE21,32.7785
07242016,HE20,32.6444
07242016,HE24,35.2946
07242016,HE16,28.8393
07242016,HE17,31.7033
07242016,HE14,23.3406
07242016,HE15,26.4437
07242016,HE12,17.7698
07242016,HE13,18.3214
07242016,HE10,16.8558
07242016,HE11,17.5106
07242016,HE18,33.113
07242016,HE19,32.6041
07252016,HE01,31.3419
07252016,HE03,25.5979
07252016,HE02,28.9479
07252016,HE05,18.886
07252016,HE04,19.0783
07252016,HE07,13.2193
07252016,HE06,18.8155
07252016,HE09,17.8143
07252016,HE08,17.4226
07252016,HE23,33.6808
07252016,HE22,35.1705
07252016,HE21,35.4881
07252016,HE20,37.8754
07252016,HE24,33.4022
07252016,HE16,26.2044
07252016,HE17,28.5182
07252016,HE14,22.327
07252016,HE15,24.9041
07252016,HE12,19.8013
07252016,HE13,20.9406
07252016,HE10,18.2941
07252016,HE11,19.397
07252016,HE18,29.3974
07252016,HE19,33.7032
07262016,HE01,31.3363
07262016,HE03,24.891
07262016,HE02,29.0496
07262016,HE05,19.2233
07262016,HE04,21.566
07262016,HE07,18.8383
07262016,HE06,18.9868
07262016,HE09,18.781
07262016,HE08,18.798
07262016,HE23,33.5567
07262016,HE22,34.1508
07262016,HE21,35.0028
07262016,HE20,33.8318
07262016,HE24,32.8693
07262016,HE16,32.7464
07262016,HE17,70.697
07262016,HE14,30.4281
07262016,HE15,33.0915
07262016,HE12,21.152
07262016,HE13,22.6363
07262016,HE10,19.4527
07262016,HE11,20.6025
07262016,HE18,33.2216
07262016,HE19,34.0699
07272016,HE01,30.8164
07272016,HE03,27.3032
07272016,HE02,29.2782
07272016,HE05,20.6944
07272016,HE04,23.5306
07272016,HE07,19.4355
07272016,HE06,19.7604
07272016,HE09,19.1293
07272016,HE08,19.0722
07272016,HE23,31.7857
07272016,HE22,32.8302
07272016,HE21,32.333
07272016,HE20,31.9957
07272016,HE24,27.7753
07272016,HE16,29.2255
07272016,HE17,33.5343
07272016,HE14,43.2105
07272016,HE15,28.6469
07272016,HE12,21.6421
07272016,HE13,21.14
07272016,HE10,19.6255
07272016,HE11,20.4953
07272016,HE18,34.5121
07272016,HE19,34.4994
07282016,HE01,29.309
07282016,HE03,26.5618
07282016,HE02,28.3904
07282016,HE05,21.2104
07282016,HE04,23.3336
07282016,HE07,19.6588
07282016,HE06,20.4964
07282016,HE09,16.7285
07282016,HE08,18.8619
07282016,HE23,30.0088
07282016,HE22,30.7089
07282016,HE21,32.739
07282016,HE20,33.4177
07282016,HE24,28.7211
07282016,HE16,31.3255
07282016,HE17,33.004
07282016,HE14,22.8944
07282016,HE15,26.999
07282016,HE12,18.6775
07282016,HE13,20.6192
07282016,HE10,17.6402
07282016,HE11,18.4693
07282016,HE18,30.7999
07282016,HE19,33.4558
07292016,HE01,27.6553
07292016,HE03,20.0309
07292016,HE02,26.5055
07292016,HE05,18.2638
07292016,HE04,17.4238
07292016,HE07,19.4447
07292016,HE06,19.6845
07292016,HE09,15.917
07292016,HE08,16.2789
07292016,HE23,36.5772
07292016,HE22,35.1358
07292016,HE21,32.9261
07292016,HE20,26.999
07292016,HE24,30.4548
07292016,HE16,21.5971
07292016,HE17,22.3976
07292016,HE14,19.2816
07292016,HE15,20.786
07292016,HE12,17.899
07292016,HE13,18.058
07292016,HE10,17.7623
07292016,HE11,15.4316
07292016,HE18,26.7777
07292016,HE19,24.9788
07302016,HE01,27.5094
07302016,HE03,22.5384
07302016,HE02,25.7562
07302016,HE05,19.072
07302016,HE04,19.3693
07302016,HE07,16.6021
07302016,HE06,16.4513
07302016,HE09,16.2605
07302016,HE08,15.9462
07302016,HE23,27.4901
07302016,HE22,26.6856
07302016,HE21,27.0063
07302016,HE20,26.7627
07302016,HE24,23.159
07302016,HE16,23.1258
07302016,HE17,25.9213
07302016,HE14,20.7203
07302016,HE15,25.2046
07302016,HE12,17.4418
07302016,HE13,17.4834
07302016,HE10,16.8854
07302016,HE11,17.7253
07302016,HE18,24.1643
07302016,HE19,26.3628
07312016,HE01,21.5591
07312016,HE03,18.71
07312016,HE02,21.2023
07312016,HE05,15.9303
07312016,HE04,16.8321
07312016,HE07,14.883
07312016,HE06,16.6829
07312016,HE09,12.7308
07312016,HE08,13.7574
07312016,HE23,32.496
07312016,HE22,29.4499
07312016,HE21,30.9776
07312016,HE20,24.8798
07312016,HE24,25.541
07312016,HE16,19.765
07312016,HE17,22.3816
07312016,HE14,21.6327
07312016,HE15,23.7256
07312016,HE12,14.2499
07312016,HE13,13.0559
07312016,HE10,13.2588
07312016,HE11,16.2241
07312016,HE18,26.6082
07312016,HE19,31.6966
08012016,HE01,23.4502
08012016,HE03,19.0606
08012016,HE02,21.5661
08012016,HE05,16.4011
08012016,HE04,17.3855
08012016,HE07,10.855
08012016,HE06,14.5083
08012016,HE09,12.0901
08012016,HE08,12.2879
08012016,HE23,31.3115
08012016,HE22,35.1989
08012016,HE21,30.8562
08012016,HE20,28.1702
08012016,HE24,27.6514
08012016,HE16,21.8661
08012016,HE17,26.3867
08012016,HE14,20.9175
08012016,HE15,19.172
08012016,HE12,15.6131
08012016,HE13,18.1661
08012016,HE10,14.4144
08012016,HE11,16.0431
08012016,HE18,34.706
08012016,HE19,38.9825
08022016,HE01,30.1009
08022016,HE03,20.1296
08022016,HE02,24.9118
08022016,HE05,18.0908
08022016,HE04,18.1648
08022016,HE07,14.984
08022016,HE06,18.4283
08022016,HE09,15.9519
08022016,HE08,15.5858
08022016,HE23,35.3822
08022016,HE22,46.8948
08022016,HE21,61.3781
08022016,HE20,36.3205
08022016,HE24,36.645
08022016,HE16,24.3795
08022016,HE17,101.7251
08022016,HE14,21.5158
08022016,HE15,21.2954
08022016,HE12,17.8604
08022016,HE13,19.8925
08022016,HE10,16.0726
08022016,HE11,16.8333
08022016,HE18,32.1177
08022016,HE19,34.0898
08032016,HE01,37.6309
08032016,HE03,28.829
08032016,HE02,31.1313
08032016,HE05,20.7048
08032016,HE04,21.0478
08032016,HE07,17.9239
08032016,HE06,18.9465
08032016,HE09,17.8135
08032016,HE08,18.0488
08032016,HE23,35.5944
08032016,HE22,34.148
08032016,HE21,33.5919
08032016,HE20,33.4551
08032016,HE24,34.9984
08032016,HE16,29.6505
08032016,HE17,31.9406
08032016,HE14,26.3615
08032016,HE15,29.357
08032016,HE12,20.5836
08032016,HE13,20.8867
08032016,HE10,18.3297
08032016,HE11,19.8931
08032016,HE18,32.5699
08032016,HE19,33.3888
08042016,HE01,49.3978
08042016,HE03,25.7232
08042016,HE02,30.0063
08042016,HE05,16.2502
08042016,HE04,20.0652
08042016,HE07,16.8004
08042016,HE06,17.3135
08042016,HE09,15.8311
08042016,HE08,16.5378
08042016,HE23,31.409
08042016,HE22,31.7481
08042016,HE21,31.9724
08042016,HE20,31.1943
08042016,HE24,31.4419
08042016,HE16,25.26
08042016,HE17,31.7061
08042016,HE14,20.8089
08042016,HE15,21.864
08042016,HE12,17.412
08042016,HE13,18.5154
08042016,HE10,15.5401
08042016,HE11,16.7411
08042016,HE18,31.29
08042016,HE19,30.9338
08052016,HE01,30.9126
08052016,HE03,24.3274
08052016,HE02,28.7481
08052016,HE05,13.6228
08052016,HE04,19.8077
08052016,HE07,17.4957
08052016,HE06,16.8143
08052016,HE09,16.8977
08052016,HE08,17.4478
08052016,HE23,32.1888
08052016,HE22,31.8809
08052016,HE21,32.4864
08052016,HE20,34.6356
08052016,HE24,30.7144
08052016,HE16,28.4036
08052016,HE17,29.1303
08052016,HE14,22.4406
08052016,HE15,23.3743
08052016,HE12,21.1496
08052016,HE13,21.7016
08052016,HE10,17.8233
08052016,HE11,18.7035
08052016,HE18,30.1131
08052016,HE19,32.8496
08062016,HE01,29.0342
08062016,HE03,25.3309
08062016,HE02,28.1156
08062016,HE05,17.9637
08062016,HE04,22.0908
08062016,HE07,18.9729
08062016,HE06,19.6594
08062016,HE09,18.2069
08062016,HE08,18.7489
08062016,HE23,29.4046
08062016,HE22,30.3412
08062016,HE21,29.5695
08062016,HE20,28.3588
08062016,HE24,27.4709
08062016,HE16,21.5977
08062016,HE17,23.1344
08062016,HE14,19.5506
08062016,HE15,19.9415
08062016,HE12,18.3017
08062016,HE13,19.5164
08062016,HE10,18.2339
08062016,HE11,18.5015
08062016,HE18,27.0276
08062016,HE19,27.4985
08072016,HE01,25.1785
08072016,HE03,20.9098
08072016,HE02,22.5203
08072016,HE05,17.7407
08072016,HE04,18.4783
08072016,HE07,18.3049
08072016,HE06,18.2664
08072016,HE09,17.9622
08072016,HE08,17.7922
08072016,HE23,31.8252
08072016,HE22,33.789
08072016,HE21,30.2297
08072016,HE20,30.7571
08072016,HE24,29.8022
08072016,HE16,22.4471
08072016,HE17,26.0425
08072016,HE14,19.081
08072016,HE15,21.2466
08072016,HE12,16.9962
08072016,HE13,17.5704
08072016,HE10,18.0321
08072016,HE11,17.7752
08072016,HE18,28.5989
08072016,HE19,30.4766
08082016,HE01,26.5619
08082016,HE03,23.4626
08082016,HE02,24.8763
08082016,HE05,18.882
08082016,HE04,21.3289
08082016,HE07,17.7336
08082016,HE06,20.1433
08082016,HE09,17.7101
08082016,HE08,16.9327
08082016,HE23,30.5735
08082016,HE22,31.6521
08082016,HE21,32.317
08082016,HE20,31.7159
08082016,HE24,28.41
08082016,HE16,23.8889
08082016,HE17,27.0386
08082016,HE14,21.6868
08082016,HE15,20.9293
08082016,HE12,18.9999
08082016,HE13,19.6657
08082016,HE10,18.3948
08082016,HE11,19.4381
08082016,HE18,28.1847
08082016,HE19,30.2758
08092016,HE01,23.738
08092016,HE03,21.1585
08092016,HE02,23.9216
08092016,HE05,18.3725
08092016,HE04,19.8896
08092016,HE07,17.6168
08092016,HE06,17.4134
08092016,HE09,16.943
08092016,HE08,16.6787
08092016,HE23,35.0205
08092016,HE22,34.846
08092016,HE21,34.8054
08092016,HE20,54.9158
08092016,HE24,34.5184
08092016,HE16,42.3631
08092016,HE17,57.1226
08092016,HE14,24.5813
08092016,HE15,30.6129
08092016,HE12,19.7735
08092016,HE13,20.9676
08092016,HE10,17.1086
08092016,HE11,18.4212
08092016,HE18,35.0679
08092016,HE19,54.5733
08102016,HE01,32.152
08102016,HE03,21.2316
08102016,HE02,30.3035
08102016,HE05,18.5111
08102016,HE04,19.4593
08102016,HE07,16.4735
08102016,HE06,17.4114
08102016,HE09,16.3029
08102016,HE08,16.5283
08102016,HE23,33.1551
08102016,HE22,33.417
08102016,HE21,35.995
08102016,HE20,33.599
08102016,HE24,30.9177
08102016,HE16,27.1707
08102016,HE17,28.485
08102016,HE14,24.6791
08102016,HE15,25.445
08102016,HE12,17.9333
08102016,HE13,18.6305
08102016,HE10,15.4634
08102016,HE11,17.7784
08102016,HE18,30.3531
08102016,HE19,56.9455
08112016,HE01,27.6119
08112016,HE03,22.4997
08112016,HE02,27.3805
08112016,HE05,19.0808
08112016,HE04,21.4185
08112016,HE07,16.9181
08112016,HE06,17.8534
08112016,HE09,16.2727
08112016,HE08,15.7316
08112016,HE23,32.6485
08112016,HE22,34.8974
08112016,HE21,36.5717
08112016,HE20,36.0955
08112016,HE24,31.4077
08112016,HE16,31.5441
08112016,HE17,37.9346
08112016,HE14,23.7285
08112016,HE15,29.1172
08112016,HE12,18.2189
08112016,HE13,19.3635
08112016,HE10,17.0198
08112016,HE11,17.9629
08112016,HE18,312.4772
08112016,HE19,52.5582
08122016,HE01,34.6361
08122016,HE03,28.07
08122016,HE02,65.7893
08122016,HE05,23.9376
08122016,HE04,27.0149
08122016,HE07,20.2877
08122016,HE06,22.1918
08122016,HE09,19.4072
08122016,HE08,19.3094
08122016,HE23,27.9278
08122016,HE22,29.4861
08122016,HE21,29.8034
08122016,HE20,30.693
08122016,HE24,26.7385
08122016,HE16,25.8386
08122016,HE17,27.3446
08122016,HE14,21.4121
08122016,HE15,23.5734
08122016,HE12,18.942
08122016,HE13,18.9821
08122016,HE10,18.9162
08122016,HE11,18.8559
08122016,HE18,28.8602
08122016,HE19,31.0819
08132016,HE01,26.1093
08132016,HE03,22.8291
08132016,HE02,24.8092
08132016,HE05,18.8384
08132016,HE04,19.6105
08132016,HE07,18.4567
08132016,HE06,18.6176
08132016,HE09,17.8677
08132016,HE08,18.224
08132016,HE23,28.608
08132016,HE22,29.769
08132016,HE21,28.2553
08132016,HE20,28.1615
08132016,HE24,27.2064
08132016,HE16,23.3637
08132016,HE17,24.5386
08132016,HE14,19.1993
08132016,HE15,22.4322
08132016,HE12,17.1759
08132016,HE13,17.2632
08132016,HE10,17.2669
08132016,HE11,17.2965
08132016,HE18,25.4671
08132016,HE19,26.9238
08142016,HE01,26.0736
08142016,HE03,21.8176
08142016,HE02,24.9467
08142016,HE05,18.2699
08142016,HE04,19.2181
08142016,HE07,18.0631
08142016,HE06,18.4887
08142016,HE09,17.6429
08142016,HE08,18.0033
08142016,HE23,28.2605
08142016,HE22,28.529
08142016,HE21,26.445
08142016,HE20,24.9174
08142016,HE24,27.0582
08142016,HE16,20.3762
08142016,HE17,21.399
08142016,HE14,18.5904
08142016,HE15,20.7095
08142016,HE12,16.6582
08142016,HE13,16.7474
08142016,HE10,17.3354
08142016,HE11,16.9777
08142016,HE18,23.7113
08142016,HE19,25.2633
08152016,HE01,25.2018
08152016,HE03,20.6828
08152016,HE02,23.3325
08152016,HE05,17.2745
08152016,HE04,18.0909
08152016,HE07,16.9527
08152016,HE06,17.553
08152016,HE09,16.384
08152016,HE08,16.61
08152016,HE23,25.4138
08152016,HE22,26.075
08152016,HE21,25.8599
08152016,HE20,24.987
08152016,HE24,26.5646
08152016,HE16,21.6054
08152016,HE17,22.7415
08152016,HE14,19.7335
08152016,HE15,20.6889
08152016,HE12,18.8897
08152016,HE13,19.6715
08152016,HE10,16.8399
08152016,HE11,17.3713
08152016,HE18,23.7194
08152016,HE19,24.911
08162016,HE01,24.5507
08162016,HE03,20.7918
08162016,HE02,20.63
08162016,HE05,10.9218
08162016,HE04,17.0348
08162016,HE07,12.8839
08162016,HE06,9.3431
08162016,HE09,9.4745
08162016,HE08,7.8471
08162016,HE23,32.5024
08162016,HE22,198.156
08162016,HE21,148.1896
08162016,HE20,54.6286
08162016,HE24,121.3594
08162016,HE16,22.2684
08162016,HE17,26.4152
08162016,HE14,19.8184
08162016,HE15,19.7457
08162016,HE12,16.5189
08162016,HE13,16.9287
08162016,HE10,12.7326
08162016,HE11,15.1474
08162016,HE18,116.2771
08162016,HE19,139.0957
08172016,HE01,27.374
08172016,HE03,20.5007
08172016,HE02,23.9445
08172016,HE05,16.7298
08172016,HE04,15.9518
08172016,HE07,16.3817
08172016,HE06,16.5619
08172016,HE09,15.409
08172016,HE08,15.1468
08172016,HE23,34.4168
08172016,HE22,32.2699
08172016,HE21,34.3229
08172016,HE20,33.3176
08172016,HE24,103.4942
08172016,HE16,27.1207
08172016,HE17,29.5426
08172016,HE14,20.5497
08172016,HE15,24.6932
08172016,HE12,18.1976
08172016,HE13,18.4084
08172016,HE10,15.8633
08172016,HE11,16.7388
08172016,HE18,44.5695
08172016,HE19,33.0649
08182016,HE01,30.618
08182016,HE03,19.7042
08182016,HE02,24.8983
08182016,HE05,15.7328
08182016,HE04,18.0591
08182016,HE07,15.8577
08182016,HE06,15.56
08182016,HE09,16.6423
08182016,HE08,16.4715
08182016,HE23,29.9676
08182016,HE22,32.8102
08182016,HE21,32.257
08182016,HE20,31.736
08182016,HE24,24.6852
08182016,HE16,32.8241
08182016,HE17,28.161
08182016,HE14,21.6589
08182016,HE15,24.7337
08182016,HE12,18.9807
08182016,HE13,19.3919
08182016,HE10,17.0362
08182016,HE11,17.7123
08182016,HE18,31.4392
08182016,HE19,31.1235
08192016,HE01,23.1328
08192016,HE03,19.3787
08192016,HE02,21.8213
08192016,HE05,16.2712
08192016,HE04,16.6925
08192016,HE07,16.4073
08192016,HE06,16.3905
08192016,HE09,16.556
08192016,HE08,16.4854
08192016,HE23,20.9991
08192016,HE22,23.5054
08192016,HE21,26.9602
08192016,HE20,27.1881
08192016,HE24,19.3705
08192016,HE16,21.504
08192016,HE17,26.0889
08192016,HE14,21.6736
08192016,HE15,22.7382
08192016,HE12,19.0543
08192016,HE13,19.7144
08192016,HE10,16.5713
08192016,HE11,18.3532
08192016,HE18,27.0453
08192016,HE19,25.5141
08202016,HE01,18.6261
08202016,HE03,19.2538
08202016,HE02,16.7298
08202016,HE05,16.4416
08202016,HE04,19.6193
08202016,HE07,19.9278
08202016,HE06,18.6209
08202016,HE09,16.0885
08202016,HE08,18.285
08202016,HE23,29.0185
08202016,HE22,24.1174
08202016,HE21,24.0536
08202016,HE20,24.1412
08202016,HE24,26.4066
08202016,HE16,17.6732
08202016,HE17,18.0122
08202016,HE14,17.68
08202016,HE15,16.6467
08202016,HE12,15.0415
08202016,HE13,11.7133
08202016,HE10,11.9986
08202016,HE11,12.0344
08202016,HE18,18.4636
08202016,HE19,20.136
08212016,HE01,21.9472
08212016,HE03,19.8923
08212016,HE02,22.4483
08212016,HE05,17.967
08212016,HE04,18.9799
08212016,HE07,17.0107
08212016,HE06,17.0654
08212016,HE09,15.7686
08212016,HE08,16.6027
08212016,HE23,27.0679
08212016,HE22,27.8763
08212016,HE21,25.5129
08212016,HE20,25.8651
08212016,HE24,25.1599
08212016,HE16,18.8996
08212016,HE17,19.1524
08212016,HE14,18.0979
08212016,HE15,19.4901
08212016,HE12,15.3576
08212016,HE13,15.3309
08212016,HE10,15.594
08212016,HE11,15.6578
08212016,HE18,20.37
08212016,HE19,24.0061
08222016,HE01,20.6681
08222016,HE03,16.306
08222016,HE02,18.2122
08222016,HE05,8.2578
08222016,HE04,10.9757
08222016,HE07,2.9764
08222016,HE06,12.9655
08222016,HE09,-11.4293
08222016,HE08,-4.8602
08222016,HE23,23.1665
08222016,HE22,22.2565
08222016,HE21,22.7054
08222016,HE20,22.4574
08222016,HE24,20.2233
08222016,HE16,18.7147
08222016,HE17,19.806
08222016,HE14,18.8506
08222016,HE15,19.1218
08222016,HE12,15.7744
08222016,HE13,14.6775
08222016,HE10,4.7725
08222016,HE11,13.107
08222016,HE18,49.8982
08222016,HE19,25.0885
08232016,HE01,18.5416
08232016,HE03,16.566
08232016,HE02,20.9733
08232016,HE05,13.9286
08232016,HE04,13.1072
08232016,HE07,13.3954
08232016,HE06,13.4327
08232016,HE09,12.9432
08232016,HE08,13.6522
08232016,HE23,64.3571
08232016,HE22,89.2821
08232016,HE21,115.9983
08232016,HE20,21.4072
08232016,HE24,27.6712
08232016,HE16,19.6305
08232016,HE17,30.5315
08232016,HE14,17.6953
08232016,HE15,16.8965
08232016,HE12,15.0675
08232016,HE13,14.4631
08232016,HE10,13.0479
08232016,HE11,15.7634
08232016,HE18,19.5392
08232016,HE19,37.7321
08242016,HE01,29.3232
08242016,HE03,21.3442
08242016,HE02,33.037
08242016,HE05,17.8082
08242016,HE04,19.7649
08242016,HE07,16.7732
08242016,HE06,16.7836
08242016,HE09,16.2968
08242016,HE08,15.638
08242016,HE23,32.0396
08242016,HE22,39.3048
08242016,HE21,35.4295
08242016,HE20,29.8263
08242016,HE24,26.4665
08242016,HE16,21.8651
08242016,HE17,23.6789
08242016,HE14,25.5798
08242016,HE15,21.9616
08242016,HE12,18.9631
08242016,HE13,19.1811
08242016,HE10,16.6888
08242016,HE11,18.0942
08242016,HE18,30.4103
08242016,HE19,36.8228
08252016,HE01,26.0149
08252016,HE03,23.4036
08252016,HE02,78.0061
08252016,HE05,18.4313
08252016,HE04,19.4107
08252016,HE07,18.2219
08252016,HE06,18.3542
08252016,HE09,16.5002
08252016,HE08,17.6016
08252016,HE23,31.2943
08252016,HE22,31.4665
08252016,HE21,32.0067
08252016,HE20,35.9266
08252016,HE24,27.0342
08252016,HE16,33.1287
08252016,HE17,145.9052
08252016,HE14,21.0075
08252016,HE15,24.3015
08252016,HE12,20.369
08252016,HE13,20.2536
08252016,HE10,17.498
08252016,HE11,18.3547
08252016,HE18,30.7793
08252016,HE19,38.9714
08262016,HE01,25.6878
08262016,HE03,22.5285
08262016,HE02,29.7731
08262016,HE05,16.0692
08262016,HE04,18.8692
08262016,HE07,17.4095
08262016,HE06,17.501
08262016,HE09,16.8693
08262016,HE08,16.8979
08262016,HE23,27.7677
08262016,HE22,28.0192
08262016,HE21,28.2449
08262016,HE20,29.2073
08262016,HE24,23.8924
08262016,HE16,23.6558
08262016,HE17,25.3979
08262016,HE14,19.6852
08262016,HE15,21.7918
08262016,HE12,19.9524
08262016,HE13,20.4105
08262016,HE10,17.2865
08262016,HE11,18.0842
08262016,HE18,26.5497
08262016,HE19,30.8857
08272016,HE01,20.8754
08272016,HE03,16.0597
08272016,HE02,19.1829
08272016,HE05,14.8497
08272016,HE04,16.4028
08272016,HE07,14.334
08272016,HE06,13.1837
08272016,HE09,12.2395
08272016,HE08,13.3143
08272016,HE23,27.8198
08272016,HE22,31.6643
08272016,HE21,33.9637
08272016,HE20,32.5501
08272016,HE24,28.8714
08272016,HE16,26.3204
08272016,HE17,84.1744
08272016,HE14,19.7687
08272016,HE15,23.831
08272016,HE12,17.4557
08272016,HE13,17.7664
08272016,HE10,15.9927
08272016,HE11,16.5297
08272016,HE18,43.1601
08272016,HE19,43.3132
08282016,HE01,22.2404
08282016,HE03,20.6334
08282016,HE02,21.4023
08282016,HE05,15.2388
08282016,HE04,17.1733
08282016,HE07,14.9219
08282016,HE06,15.888
08282016,HE09,17.3131
08282016,HE08,15.8412
08282016,HE23,24.2332
08282016,HE22,28.3237
08282016,HE21,28.7015
08282016,HE20,32.7586
08282016,HE24,21.6697
08282016,HE16,30.5879
08282016,HE17,68.3334
08282016,HE14,20.2209
08282016,HE15,24.4592
08282016,HE12,17.0895
08282016,HE13,17.0786
08282016,HE10,17.194
08282016,HE11,17.1454
08282016,HE18,73.095
08282016,HE19,31.6125
08292016,HE01,21.9482
08292016,HE03,21.0847
08292016,HE02,22.4344
08292016,HE05,17.376
08292016,HE04,18.192
08292016,HE07,16.5708
08292016,HE06,16.9672
08292016,HE09,17.4732
08292016,HE08,14.1887
08292016,HE23,32.052
08292016,HE22,32.7835
08292016,HE21,30.0494
08292016,HE20,28.9653
08292016,HE24,27.5581
08292016,HE16,31.4675
08292016,HE17,32.8241
08292016,HE14,25.6515
08292016,HE15,30.5214
08292016,HE12,21.1428
08292016,HE13,20.9569
08292016,HE10,17.5103
08292016,HE11,18.2518
08292016,HE18,33.2315
08292016,HE19,32.028
08302016,HE01,27.6023
08302016,HE03,27.2127
08302016,HE02,39.2892
08302016,HE05,18.9961
08302016,HE04,22.7719
08302016,HE07,17.9139
08302016,HE06,18.1918
08302016,HE09,17.4078
08302016,HE08,17.5707
08302016,HE23,35.2887
08302016,HE22,76.2836
08302016,HE21,40.9688
08302016,HE20,40.4437
08302016,HE24,31.9346
08302016,HE16,35.7705
08302016,HE17,33.5191
08302016,HE14,21.4549
08302016,HE15,25.2797
08302016,HE12,20.0239
08302016,HE13,20.4647
08302016,HE10,17.5195
08302016,HE11,18.3942
08302016,HE18,57.4099
08302016,HE19,39.8262
08312016,HE01,28.6605
08312016,HE03,25.1085
08312016,HE02,27.8839
08312016,HE05,19.0751
08312016,HE04,20.4919
08312016,HE07,18.044
08312016,HE06,18.3556
08312016,HE09,17.5895
08312016,HE08,17.9154
08312016,HE23,25.3778
08312016,HE22,28.9697
08312016,HE21,29.8125
08312016,HE20,30.5919
08312016,HE24,22.7832
08312016,HE16,23.6089
08312016,HE17,27.1428
08312016,HE14,20.5483
08312016,HE15,21.1371
08312016,HE12,19.9702
08312016,HE13,20.3414
08312016,HE10,17.4432
08312016,HE11,18.139
08312016,HE18,97.3967
08312016,HE19,32.1259
09012016,HE01,23.1839
09012016,HE03,20.6494
09012016,HE02,22.4667
09012016,HE05,16.3655
09012016,HE04,19.466
09012016,HE07,17.2786
09012016,HE06,17.2392
09012016,HE09,16.7797
09012016,HE08,12.5389
09012016,HE23,22.851
09012016,HE22,25.5783
09012016,HE21,23.3039
09012016,HE20,26.2951
09012016,HE24,20.638
09012016,HE16,21.297
09012016,HE17,22.8629
09012016,HE14,19.8641
09012016,HE15,20.7249
09012016,HE12,18.7663
09012016,HE13,18.9299
09012016,HE10,16.8783
09012016,HE11,17.5705
09012016,HE18,25.4206
09012016,HE19,26.5188
09022016,HE01,20.0619
09022016,HE03,13.5388
09022016,HE02,15.1456
09022016,HE05,9.1455
09022016,HE04,15.6317
09022016,HE07,14.8778
09022016,HE06,11.7654
09022016,HE09,14.9027
09022016,HE08,16.7298
09022016,HE23,34.9758
09022016,HE22,36.4202
09022016,HE21,25.4352
09022016,HE20,29.0003
09022016,HE24,25.7083
09022016,HE16,22.3312
09022016,HE17,28.9455
09022016,HE14,66.9132
09022016,HE15,21.0899
09022016,HE12,18.4751
09022016,HE13,17.7471
09022016,HE10,15.8433
09022016,HE11,16.8412
09022016,HE18,61.8852
09022016,HE19,30.1796
09032016,HE01,25.8507
09032016,HE03,17.6693
09032016,HE02,27.0236
09032016,HE05,10.6841
09032016,HE04,11.8946
09032016,HE07,9.3871
09032016,HE06,9.9846
09032016,HE09,5.7323
09032016,HE08,6.1646
09032016,HE23,24.8867
09032016,HE22,28.8868
09032016,HE21,46.4554
09032016,HE20,40.3141
09032016,HE24,17.1113
09032016,HE16,14.4061
09032016,HE17,26.3695
09032016,HE14,14.4933
09032016,HE15,14.4358
09032016,HE12,9.679
09032016,HE13,45.773
09032016,HE10,5.5343
09032016,HE11,7.8308
09032016,HE18,29.4903
09032016,HE19,46.8725
09042016,HE01,14.4369
09042016,HE03,10.9864
09042016,HE02,15.0778
09042016,HE05,6.7137
09042016,HE04,9.8583
09042016,HE07,4.0975
09042016,HE06,5.9073
09042016,HE09,1.7532
09042016,HE08,7.2169
09042016,HE23,29.4991
09042016,HE22,27.7708
09042016,HE21,21.8476
09042016,HE20,85.4405
09042016,HE24,20.7694
09042016,HE16,11.5112
09042016,HE17,17.4415
09042016,HE14,9.8291
09042016,HE15,10.9627
09042016,HE12,6.1533
09042016,HE13,5.8157
09042016,HE10,4.6484
09042016,HE11,8.1632
09042016,HE18,16.6316
09042016,HE19,21.6957
09052016,HE01,16.1352
09052016,HE03,17.6658
09052016,HE02,20.5274
09052016,HE05,13.0826
09052016,HE04,14.8765
09052016,HE07,12.6394
09052016,HE06,13.2145
09052016,HE09,11.6137
09052016,HE08,12.3088
09052016,HE23,61.3567
09052016,HE22,86.6296
09052016,HE21,43.3567
09052016,HE20,31.1262
09052016,HE24,34.6621
09052016,HE16,47.5791
09052016,HE17,46.5465
09052016,HE14,14.5767
09052016,HE15,17.4813
09052016,HE12,12.1689
09052016,HE13,11.3919
09052016,HE10,12.4377
09052016,HE11,13.0293
09052016,HE18,68.521
09052016,HE19,30.2044
09062016,HE01,34.9152
09062016,HE03,18.5202
09062016,HE02,124.8148
09062016,HE05,16.0743
09062016,HE04,16.9214
09062016,HE07,13.8808
09062016,HE06,14.3092
09062016,HE09,12.9084
09062016,HE08,13.6019
09062016,HE23,29.4211
09062016,HE22,32.5015
09062016,HE21,30.4953
09062016,HE20,31.1982
09062016,HE24,27.4797
09062016,HE16,26.78
09062016,HE17,26.2678
09062016,HE14,20.8242
09062016,HE15,20.7389
09062016,HE12,16.8884
09062016,HE13,20.7805
09062016,HE10,13.471
09062016,HE11,14.2128
09062016,HE18,82.3588
09062016,HE19,34.3203
09072016,HE01,25.0486
09072016,HE03,19.8315
09072016,HE02,23.631
09072016,HE05,16.581
09072016,HE04,19.7806
09072016,HE07,13.9196
09072016,HE06,18.0311
09072016,HE09,15.8976
09072016,HE08,17.0459
09072016,HE23,33.5311
09072016,HE22,33.4393
09072016,HE21,31.7735
09072016,HE20,30.4409
09072016,HE24,32.5269
09072016,HE16,19.9257
09072016,HE17,20.5671
09072016,HE14,16.8417
09072016,HE15,19.1565
09072016,HE12,17.7342
09072016,HE13,16.0899
09072016,HE10,14.7123
09072016,HE11,16.2828
09072016,HE18,23.5526
09072016,HE19,29.72
09082016,HE01,30.8344
09082016,HE03,23.6179
09082016,HE02,30.9987
09082016,HE05,15.5914
09082016,HE04,20.7403
09082016,HE07,16.463
09082016,HE06,17.8628
09082016,HE09,16.7498
09082016,HE08,16.6372
09082016,HE23,26.2469
09082016,HE22,28.2255
09082016,HE21,28.3338
09082016,HE20,31.4261
09082016,HE24,25.5137
09082016,HE16,28.2717
09082016,HE17,30.1216
09082016,HE14,20.6071
09082016,HE15,25.9975
09082016,HE12,20.1624
09082016,HE13,19.9965
09082016,HE10,17.5277
09082016,HE11,18.8959
09082016,HE18,29.7214
09082016,HE19,31.3869
09092016,HE01,30.5886
09092016,HE03,20.7587
09092016,HE02,24.7243
09092016,HE05,15.758
09092016,HE04,17.718
09092016,HE07,15.0971
09092016,HE06,16.1512
09092016,HE09,17.3539
09092016,HE08,15.8975
09092016,HE23,41.8151
09092016,HE22,31.8772
09092016,HE21,30.0402
09092016,HE20,29.9912
09092016,HE24,25.6375
09092016,HE16,20.4434
09092016,HE17,22.8565
09092016,HE14,19.8528
09092016,HE15,20.2346
09092016,HE12,18.6482
09092016,HE13,18.579
09092016,HE10,16.9798
09092016,HE11,17.8047
09092016,HE18,29.8854
09092016,HE19,31.897
09102016,HE01,25.4449
09102016,HE03,18.8202
09102016,HE02,18.9972
09102016,HE05,12.5478
09102016,HE04,18.0011
09102016,HE07,15.4715
09102016,HE06,11.6623
09102016,HE09,12.2472
09102016,HE08,12.9981
09102016,HE23,26.4095
09102016,HE22,52.2708
09102016,HE21,25.0829
09102016,HE20,23.4578
09102016,HE24,26.0004
09102016,HE16,19.1304
09102016,HE17,19.3538
09102016,HE14,18.603
09102016,HE15,19.1667
09102016,HE12,15.7609
09102016,HE13,16.113
09102016,HE10,14.7645
09102016,HE11,14.8835
09102016,HE18,20.0488
09102016,HE19,21.7154
09112016,HE01,20.9235
09112016,HE03,11.1329
09112016,HE02,18.6602
09112016,HE05,2.975
09112016,HE04,11.6305
09112016,HE07,1.519
09112016,HE06,7.8005
09112016,HE09,2.9451
09112016,HE08,3.1316
09112016,HE23,21.3226
09112016,HE22,25.9791
09112016,HE21,19.2176
09112016,HE20,17.4407
09112016,HE24,22.0596
09112016,HE16,16.3333
09112016,HE17,17.317
09112016,HE14,14.412
09112016,HE15,15.5474
09112016,HE12,5.8526
09112016,HE13,5.4621
09112016,HE10,5.4865
09112016,HE11,5.2373
09112016,HE18,17.4321
09112016,HE19,17.6924
09122016,HE01,18.4031
09122016,HE03,14.5077
09122016,HE02,17.2042
09122016,HE05,2.539
09122016,HE04,9.1802
09122016,HE07,-1.7218
09122016,HE06,5.7344
09122016,HE09,-2.4553
09122016,HE08,-0.4933
09122016,HE23,30.8593
09122016,HE22,42.7646
09122016,HE21,34.2576
09122016,HE20,37.9948
09122016,HE24,24.2145
09122016,HE16,17.2307
09122016,HE17,23.465
09122016,HE14,17.3904
09122016,HE15,18.2429
09122016,HE12,17.7762
09122016,HE13,16.7355
09122016,HE10,6.9679
09122016,HE11,13.1676
09122016,HE18,88.0051
09122016,HE19,54.6608
09132016,HE01,25.0278
09132016,HE03,23.325
09132016,HE02,29.5128
09132016,HE05,12.8539
09132016,HE04,15.9441
09132016,HE07,15.7352
09132016,HE06,9.9685
09132016,HE09,12.1824
09132016,HE08,14.2755
09132016,HE23,56.5432
09132016,HE22,37.8151
09132016,HE21,35.8956
09132016,HE20,32.7466
09132016,HE24,27.0971
09132016,HE16,21.0935
09132016,HE17,23.8621
09132016,HE14,18.0176
09132016,HE15,15.6419
09132016,HE12,18.7325
09132016,HE13,18.6851
09132016,HE10,15.7031
09132016,HE11,17.6901
09132016,HE18,26.1084
09132016,HE19,29.8086
09142016,HE01,27.6382
09142016,HE03,23.6155
09142016,HE02,27.5616
09142016,HE05,18.0597
09142016,HE04,22.7529
09142016,HE07,17.5878
09142016,HE06,18.0118
09142016,HE09,17.0843
09142016,HE08,17.3561
09142016,HE23,31.2173
09142016,HE22,30.1661
09142016,HE21,31.0372
09142016,HE20,34.0064
09142016,HE24,26.2133
09142016,HE16,23.0202
09142016,HE17,24.3259
09142016,HE14,22.6492
09142016,HE15,26.7602
09142016,HE12,19.8766
09142016,HE13,20.7146
09142016,HE10,17.3661
09142016,HE11,18.1354
09142016,HE18,27.401
09142016,HE19,31.3311
09152016,HE01,24.9592
09152016,HE03,16.528
09152016,HE02,20.7816
09152016,HE05,13.7783
09152016,HE04,14.5501
09152016,HE07,15.5087
09152016,HE06,13.5105
09152016,HE09,14.0611
09152016,HE08,14.0067
09152016,HE23,24.5649
09152016,HE22,34.2854
09152016,HE21,71.9643
09152016,HE20,102.9009
09152016,HE24,23.5194
09152016,HE16,59.8347
09152016,HE17,26.922
09152016,HE14,23.0695
09152016,HE15,28.595
09152016,HE12,24.5516
09152016,HE13,23.7603
09152016,HE10,17.1423
09152016,HE11,19.3487
09152016,HE18,106.1141
09152016,HE19,67.1985
09162016,HE01,27.0154
09162016,HE03,19.3427
09162016,HE02,23.5806
09162016,HE05,15.8014
09162016,HE04,17.0966
09162016,HE07,16.0613
09162016,HE06,14.8122
09162016,HE09,14.7891
09162016,HE08,16.5333
09162016,HE23,33.3286
09162016,HE22,30.6837
09162016,HE21,28.3581
09162016,HE20,26.3057
09162016,HE24,27.0659
09162016,HE16,24.4725
09162016,HE17,24.428
09162016,HE14,21.227
09162016,HE15,21.8277
09162016,HE12,19.2399
09162016,HE13,19.9465
09162016,HE10,16.697
09162016,HE11,18.2874
09162016,HE18,22.8744
09162016,HE19,24.4071
09172016,HE01,24.7164
09172016,HE03,21.4762
09172016,HE02,24.9323
09172016,HE05,20.9807
09172016,HE04,22.1758
09172016,HE07,18.9933
09172016,HE06,19.3532
09172016,HE09,18.2762
09172016,HE08,18.0052
09172016,HE23,29.962
09172016,HE22,35.4414
09172016,HE21,33.7332
09172016,HE20,29.6759
09172016,HE24,24.4474
09172016,HE16,25.0463
09172016,HE17,41.1921
09172016,HE14,20.3564
09172016,HE15,21.2872
09172016,HE12,17.8914
09172016,HE13,19.2792
09172016,HE10,18.2022
09172016,HE11,18.9621
09172016,HE18,39.7257
09172016,HE19,58.6706
09182016,HE01,21.4427
09182016,HE03,18.0462
09182016,HE02,18.6618
09182016,HE05,13.7501
09182016,HE04,15.011
09182016,HE07,6.0408
09182016,HE06,11.2502
09182016,HE09,14.6166
09182016,HE08,8.3771
09182016,HE23,55.8163
09182016,HE22,37.526
09182016,HE21,35.9801
09182016,HE20,34.2663
09182016,HE24,31.0012
09182016,HE16,19.8985
09182016,HE17,20.4954
09182016,HE14,18.2016
09182016,HE15,20.5109
09182016,HE12,16.414
09182016,HE13,16.5596
09182016,HE10,11.4602
09182016,HE11,13.1596
09182016,HE18,24.1301
09182016,HE19,84.4486
09192016,HE01,28.5927
09192016,HE03,19.1963
09192016,HE02,20.0894
09192016,HE05,14.5446
09192016,HE04,15.8052
09192016,HE07,11.5632
09192016,HE06,14.492
09192016,HE09,13.1665
09192016,HE08,11.6109
09192016,HE23,59.5509
09192016,HE22,160.3503
09192016,HE21,200.8569
09192016,HE20,77.51
09192016,HE24,44.5065
09192016,HE16,34.3341
09192016,HE17,34.8669
09192016,HE14,19.7849
09192016,HE15,26.1216
09192016,HE12,18.7323
09192016,HE13,17.695
09192016,HE10,15.0953
09192016,HE11,17.4756
09192016,HE18,47.0907
09192016,HE19,101.2317
09202016,HE01,36.445
09202016,HE03,22.6994
09202016,HE02,31.4155
09202016,HE05,14.9094
09202016,HE04,16.9726
09202016,HE07,15.4289
09202016,HE06,16.1229
09202016,HE09,13.572
09202016,HE08,14.6939
09202016,HE23,57.617
09202016,HE22,66.3101
09202016,HE21,79.5838
09202016,HE20,41.1288
09202016,HE24,33.7228
09202016,HE16,47.7773
09202016,HE17,53.1956
09202016,HE14,17.3895
09202016,HE15,28.2868
09202016,HE12,19.2798
09202016,HE13,17.8238
09202016,HE10,14.4106
09202016,HE11,17.5328
09202016,HE18,43.4971
09202016,HE19,78.9468
09212016,HE01,34.978
09212016,HE03,20.1589
09212016,HE02,25.6433
09212016,HE05,13.6373
09212016,HE04,18.4915
09212016,HE07,14.5782
09212016,HE06,14.2934
09212016,HE09,13.3245
09212016,HE08,13.9059
09212016,HE23,30.6062
09212016,HE22,35.8348
09212016,HE21,52.9774
09212016,HE20,37.6102
09212016,HE24,24.5483
09212016,HE16,28.581
09212016,HE17,43.5913
09212016,HE14,18.7984
09212016,HE15,23.6507
09212016,HE12,20.8479
09212016,HE13,18.5218
09212016,HE10,14.4132
09212016,HE11,18.6756
09212016,HE18,47.966
09212016,HE19,42.6154
09222016,HE01,29.3653
09222016,HE03,21.3256
09222016,HE02,25.9237
09222016,HE05,15.3007
09222016,HE04,16.6021
09222016,HE07,14.8642
09222016,HE06,16.4863
09222016,HE09,8.5666
09222016,HE08,12.2953
09222016,HE23,35.6618
09222016,HE22,37.2245
09222016,HE21,36.6818
09222016,HE20,36.9505
09222016,HE24,32.81
09222016,HE16,21.0517
09222016,HE17,23.4037
09222016,HE14,20.3983
09222016,HE15,20.3733
09222016,HE12,18.6025
09222016,HE13,16.3818
09222016,HE10,10.0884
09222016,HE11,16.3504
09222016,HE18,31.2956
09222016,HE19,34.1287
09232016,HE01,30.3272
09232016,HE03,20.2429
09232016,HE02,23.8789
09232016,HE05,13.1514
09232016,HE04,15.8354
09232016,HE07,6.8178
09232016,HE06,11.5547
09232016,HE09,10.462
09232016,HE08,8.9092
09232016,HE23,25.5724
09232016,HE22,27.4823
09232016,HE21,29.1445
09232016,HE20,24.5702
09232016,HE24,22.5665
09232016,HE16,24.0546
09232016,HE17,24.0609
09232016,HE14,19.9799
09232016,HE15,25.6843
09232016,HE12,17.7162
09232016,HE13,17.2428
09232016,HE10,14.4474
09232016,HE11,16.1334
09232016,HE18,26.2165
09232016,HE19,25.2841
09242016,HE01,20.7843
09242016,HE03,17.8074
09242016,HE02,18.3596
09242016,HE05,12.6051
09242016,HE04,14.5998
09242016,HE07,12.8238
09242016,HE06,12.2794
09242016,HE09,10.3072
09242016,HE08,10.802
09242016,HE23,32.2836
09242016,HE22,36.2931
09242016,HE21,36.8854
09242016,HE20,30.9501
09242016,HE24,28.8338
09242016,HE16,25.1113
09242016,HE17,32.4544
09242016,HE14,20.6042
09242016,HE15,20.609
09242016,HE12,17.2658
09242016,HE13,18.0046
09242016,HE10,13.1875
09242016,HE11,16.3231
09242016,HE18,31.1411
09242016,HE19,33.2623
09252016,HE01,30.1278
09252016,HE03,28.0849
09252016,HE02,31.5566
09252016,HE05,23.7727
09252016,HE04,24.6988
09252016,HE07,22.0857
09252016,HE06,20.4179
09252016,HE09,19.1429
09252016,HE08,21.3257
09252016,HE23,25.476
09252016,HE22,24.1016
09252016,HE21,23.763
09252016,HE20,71.8299
09252016,HE24,22.9313
09252016,HE16,18.9226
09252016,HE17,21.5159
09252016,HE14,20.0699
09252016,HE15,20.8314
09252016,HE12,17.5454
09252016,HE13,15.1613
09252016,HE10,16.9005
09252016,HE11,17.0289
09252016,HE18,23.5764
09252016,HE19,44.7893
09262016,HE01,31.6315
09262016,HE03,21.5168
09262016,HE02,26.1106
09262016,HE05,18.0122
09262016,HE04,21.1637
09262016,HE07,16.7733
09262016,HE06,14.3216
09262016,HE09,16.0506
09262016,HE08,15.774
09262016,HE23,36.9134
09262016,HE22,34.1088
09262016,HE21,29.1285
09262016,HE20,31.757
09262016,HE24,34.7542
09262016,HE16,26.7053
09262016,HE17,24.0062
09262016,HE14,21.9656
09262016,HE15,26.1653
09262016,HE12,23.1489
09262016,HE13,22.0537
09262016,HE10,16.3632
09262016,HE11,17.9905
09262016,HE18,24.6397
09262016,HE19,25.7955
09272016,HE01,33.8573
09272016,HE03,24.0578
09272016,HE02,34.6676
09272016,HE05,15.8102
09272016,HE04,19.3042
09272016,HE07,16.6102
09272016,HE06,18.2044
09272016,HE09,16.0846
09272016,HE08,16.43
09272016,HE23,31.3258
09272016,HE22,31.6519
09272016,HE21,30.963
09272016,HE20,30.273
09272016,HE24,29.8666
09272016,HE16,34.7591
09272016,HE17,29.444
09272016,HE14,21.5941
09272016,HE15,30.2748
09272016,HE12,21.9007
09272016,HE13,20.5465
09272016,HE10,17.1464
09272016,HE11,19.3811
09272016,HE18,30.937
09272016,HE19,28.6567
09282016,HE01,27.8118
09282016,HE03,18.9075
09282016,HE02,23.4426
09282016,HE05,6.7874
09282016,HE04,16.8049
09282016,HE07,14.9482
09282016,HE06,14.1072
09282016,HE09,16.1097
09282016,HE08,14.9887
09282016,HE23,49.844
09282016,HE22,48.1136
09282016,HE21,164.8967
09282016,HE20,46.2305
09282016,HE24,29.805
09282016,HE16,23.6615
09282016,HE17,24.8804
09282016,HE14,20.428
09282016,HE15,22.2295
09282016,HE12,20.9838
09282016,HE13,19.4544
09282016,HE10,16.9331
09282016,HE11,18.9806
09282016,HE18,28.3525
09282016,HE19,29.2476
09292016,HE01,32.3845
09292016,HE03,20.1403
09292016,HE02,25.8898
09292016,HE05,15.8715
09292016,HE04,14.7222
09292016,HE07,16.752
09292016,HE06,17.34
09292016,HE09,17.7189
09292016,HE08,17.15
09292016,HE23,33.1133
09292016,HE22,33.894
09292016,HE21,33.6536
09292016,HE20,32.8914
09292016,HE24,30.3161
09292016,HE16,29.76
09292016,HE17,29.7409
09292016,HE14,29.6134
09292016,HE15,36.6355
09292016,HE12,39.0723
09292016,HE13,29.2103
09292016,HE10,19.9387
09292016,HE11,22.4775
09292016,HE18,30.7129
09292016,HE19,31.1608
09302016,HE01,29.0981
09302016,HE03,20.1061
09302016,HE02,24.6868
09302016,HE05,14.6621
09302016,HE04,17.8237
09302016,HE07,16.3161
09302016,HE06,15.4692
09302016,HE09,16.5912
09302016,HE08,15.1933
09302016,HE23,28.7023
09302016,HE22,33.4537
09302016,HE21,35.4744
09302016,HE20,31.8885
09302016,HE24,27.1364
09302016,HE16,26.2858
09302016,HE17,26.4651
09302016,HE14,22.1425
09302016,HE15,27.5051
09302016,HE12,22.2198
09302016,HE13,20.7279
09302016,HE10,15.0751
09302016,HE11,17.1274
09302016,HE18,27.2978
09302016,HE19,27.8369
10012016,HE01,25.6162
10012016,HE03,23.8444
10012016,HE02,26.0048
10012016,HE05,20.4177
10012016,HE04,21.4287
10012016,HE07,20.575
10012016,HE06,20.6657
10012016,HE09,19.1202
10012016,HE08,18.8744
10012016,HE23,27.0102
10012016,HE22,28.167
10012016,HE21,27.7229
10012016,HE20,26.8667
10012016,HE24,24.1986
10012016,HE16,22.5448
10012016,HE17,24.0164
10012016,HE14,19.4183
10012016,HE15,22.3978
10012016,HE12,17.8295
10012016,HE13,17.6665
10012016,HE10,18.5814
10012016,HE11,18.0041
10012016,HE18,23.7796
10012016,HE19,25.1876
10022016,HE01,21.4385
10022016,HE03,16.7842
10022016,HE02,15.8046
10022016,HE05,13.2596
10022016,HE04,16.2281
10022016,HE07,14.7483
10022016,HE06,15.3577
10022016,HE09,14.2159
10022016,HE08,15.0488
10022016,HE23,27.0098
10022016,HE22,29.2365
10022016,HE21,28.1633
10022016,HE20,21.9283
10022016,HE24,24.8815
10022016,HE16,24.2373
10022016,HE17,22.5122
10022016,HE14,20.3429
10022016,HE15,26.4707
10022016,HE12,17.0171
10022016,HE13,16.5747
10022016,HE10,14.881
10022016,HE11,16.1508
10022016,HE18,23.607
10022016,HE19,26.5573
10032016,HE01,21.3455
10032016,HE03,16.0038
10032016,HE02,17.1379
10032016,HE05,5.9111
10032016,HE04,13.1161
10032016,HE07,8.0335
10032016,HE06,10.2747
10032016,HE09,7.8445
10032016,HE08,10.3866
10032016,HE23,21.8602
10032016,HE22,21.6238
10032016,HE21,21.4755
10032016,HE20,20.5862
10032016,HE24,22.8177
10032016,HE16,19.639
10032016,HE17,19.7282
10032016,HE14,18.6592
10032016,HE15,21.1332
10032016,HE12,19.0104
10032016,HE13,17.2924
10032016,HE10,13.7655
10032016,HE11,15.9725
10032016,HE18,21.6602
10032016,HE19,20.909
10042016,HE01,20.4831
10042016,HE03,14.481
10042016,HE02,17.0659
10042016,HE05,5.094
10042016,HE04,9.5667
10042016,HE07,7.9711
10042016,HE06,10.3409
10042016,HE09,-5.0233
10042016,HE08,5.2663
10042016,HE23,36.8422
10042016,HE22,53.4685
10042016,HE21,44.6363
10042016,HE20,49.8378
10042016,HE24,34.3925
10042016,HE16,16.176
10042016,HE17,20.9357
10042016,HE14,18.3412
10042016,HE15,20.9256
10042016,HE12,24.074
10042016,HE13,19.6937
10042016,HE10,10.7756
10042016,HE11,15.2057
10042016,HE18,29.6908
10042016,HE19,30.5164
10052016,HE01,142.6662
10052016,HE03,31.8277
10052016,HE02,32.8784
10052016,HE05,26.9911
10052016,HE04,28.404
10052016,HE07,19.1667
10052016,HE06,20.7683
10052016,HE09,18.7357
10052016,HE08,18.3849
10052016,HE23,46.1397
10052016,HE22,191.4933
10052016,HE21,86.188
10052016,HE20,37.9775
10052016,HE24,74.7229
10052016,HE16,31.3391
10052016,HE17,32.5414
10052016,HE14,41.5985
10052016,HE15,92.8208
10052016,HE12,68.2443
10052016,HE13,27.4923
10052016,HE10,19.1936
10052016,HE11,20.6679
10052016,HE18,149.421
10052016,HE19,39.5343
10062016,HE01,45.1002
10062016,HE03,26.5272
10062016,HE02,27.2683
10062016,HE05,15.0876
10062016,HE04,19.7287
10062016,HE07,15.4058
10062016,HE06,17.4849
10062016,HE09,12.933
10062016,HE08,14.8198
10062016,HE23,28.9415
10062016,HE22,42.0373
10062016,HE21,37.3906
10062016,HE20,35.143
10062016,HE24,26.2044
10062016,HE16,23.4144
10062016,HE17,24.2253
10062016,HE14,21.2507
10062016,HE15,25.1254
10062016,HE12,22.233
10062016,HE13,20.4793
10062016,HE10,15.9947
10062016,HE11,19.1207
10062016,HE18,33.0884
10062016,HE19,31.2042
10072016,HE01,48.3058
10072016,HE03,15.3674
10072016,HE02,22.0617
10072016,HE05,10.5444
10072016,HE04,12.503
10072016,HE07,13.5448
10072016,HE06,14.7519
10072016,HE09,15.0918
10072016,HE08,13.2172
10072016,HE23,28.5953
10072016,HE22,26.4561
10072016,HE21,25.518
10072016,HE20,29.039
10072016,HE24,30.1117
10072016,HE16,22.4341
10072016,HE17,27.126
10072016,HE14,50.8826
10072016,HE15,29.2585
10072016,HE12,18.8471
10072016,HE13,20.8181
10072016,HE10,15.5025
10072016,HE11,17.0079
10072016,HE18,22.8576
10072016,HE19,118.3863
10082016,HE01,29.236
10082016,HE03,21.4702
10082016,HE02,25.3235
10082016,HE05,16.477
10082016,HE04,18.847
10082016,HE07,16.0723
10082016,HE06,12.3202
10082016,HE09,15.8748
10082016,HE08,16.0124
10082016,HE23,23.5917
10082016,HE22,26.7653
10082016,HE21,24.3171
10082016,HE20,25.1101
10082016,HE24,20.9184
10082016,HE16,23.864
10082016,HE17,21.9072
10082016,HE14,18.7597
10082016,HE15,23.0768
10082016,HE12,16.704
10082016,HE13,16.1136
10082016,HE10,16.3335
10082016,HE11,16.3801
10082016,HE18,21.1988
10082016,HE19,24.7988
10092016,HE01,21.2154
10092016,HE03,18.7415
10092016,HE02,18.5862
10092016,HE05,16.5756
10092016,HE04,18.0255
10092016,HE07,17.237
10092016,HE06,18.5379
10092016,HE09,17.911
10092016,HE08,16.8433
10092016,HE23,20.289
10092016,HE22,19.2636
10092016,HE21,18.7574
10092016,HE20,17.8239
10092016,HE24,18.4706
10092016,HE16,19.8746
10092016,HE17,18.6824
10092016,HE14,18.3643
10092016,HE15,19.6738
10092016,HE12,17.681
10092016,HE13,18.1271
10092016,HE10,18.1257
10092016,HE11,17.8749
10092016,HE18,17.4363
10092016,HE19,17.8144
10102016,HE01,18.4715
10102016,HE03,14.224
10102016,HE02,12.7685
10102016,HE05,9.1059
10102016,HE04,10.5341
10102016,HE07,9.919
10102016,HE06,9.1279
10102016,HE09,12.3411
10102016,HE08,6.8553
10102016,HE23,30.4741
10102016,HE22,25.612
10102016,HE21,20.5866
10102016,HE20,23.845
10102016,HE24,27.3981
10102016,HE16,15.2132
10102016,HE17,18.8237
10102016,HE14,19.3226
10102016,HE15,19.2606
10102016,HE12,17.8055
10102016,HE13,15.3842
10102016,HE10,9.9796
10102016,HE11,18.5709
10102016,HE18,23.071
10102016,HE19,28.2039
10112016,HE01,46.745
10112016,HE03,18.3236
10112016,HE02,16.7825
10112016,HE05,4.7397
10112016,HE04,8.5837
10112016,HE07,0.0945
10112016,HE06,7.2968
10112016,HE09,5.5681
10112016,HE08,-1.9165
10112016,HE23,31.8765
10112016,HE22,26.7775
10112016,HE21,26.316
10112016,HE20,26.9869
10112016,HE24,29.9058
10112016,HE16,26.5613
10112016,HE17,30.7099
10112016,HE14,17.5513
10112016,HE15,22.8252
10112016,HE12,19.3539
10112016,HE13,17.8621
10112016,HE10,12.5174
10112016,HE11,13.9834
10112016,HE18,34.5642
10112016,HE19,32.042
10122016,HE01,28.1479
10122016,HE03,18.3576
10122016,HE02,21.8596
10122016,HE05,12.9587
10122016,HE04,12.5262
10122016,HE07,10.9712
10122016,HE06,7.4986
10122016,HE09,15.9233
10122016,HE08,16.4952
10122016,HE23,37.3904
10122016,HE22,26.0931
10122016,HE21,28.2983
10122016,HE20,32.0258
10122016,HE24,37.8154
10122016,HE16,46.4113
10122016,HE17,26.5744
10122016,HE14,19.9217
10122016,HE15,11.7617
10122016,HE12,25.103
10122016,HE13,22.862
10122016,HE10,16.884
10122016,HE11,18.7147
10122016,HE18,17.5907
10122016,HE19,32.8858
10132016,HE01,34.9753
10132016,HE03,23.098
10132016,HE02,24.954
10132016,HE05,17.7091
10132016,HE04,19.9941
10132016,HE07,19.1269
10132016,HE06,19.6895
10132016,HE09,18.588
10132016,HE08,18.6054
10132016,HE23,26.5024
10132016,HE22,29.1245
10132016,HE21,28.4299
10132016,HE20,29.2762
10132016,HE24,28.1947
10132016,HE16,30.0501
10132016,HE17,31.8053
10132016,HE14,25.2904
10132016,HE15,28.1975
10132016,HE12,25.4628
10132016,HE13,27.9732
10132016,HE10,18.5671
10132016,HE11,19.4183
10132016,HE18,26.6686
10132016,HE19,28.8707
10142016,HE01,25.0777
10142016,HE03,19.6143
10142016,HE02,20.7038
10142016,HE05,17.2367
10142016,HE04,19.1179
10142016,HE07,16.901
10142016,HE06,16.9936
10142016,HE09,16.1797
10142016,HE08,15.797
10142016,HE23,17.5713
10142016,HE22,14.1949
10142016,HE21,14.3934
10142016,HE20,15.9171
10142016,HE24,15.9776
10142016,HE16,21.5698
10142016,HE17,18.7703
10142016,HE14,22.9743
10142016,HE15,22.4638
10142016,HE12,25.8091
10142016,HE13,26.1715
10142016,HE10,16.4675
10142016,HE11,19.3922
10142016,HE18,15.0383
10142016,HE19,14.9808
10152016,HE01,13.6124
10152016,HE03,11.8948
10152016,HE02,13.0932
10152016,HE05,0.1554
10152016,HE04,10.3414
10152016,HE07,-6.4637
10152016,HE06,-1.8225
10152016,HE09,-5.3565
10152016,HE08,0.9601
10152016,HE23,30.7488
10152016,HE22,32.4704
10152016,HE21,30.0882
10152016,HE20,25.9955
10152016,HE24,30.5868
10152016,HE16,21.0004
10152016,HE17,19.8788
10152016,HE14,20.097
10152016,HE15,30.9568
10152016,HE12,5.4283
10152016,HE13,13.268
10152016,HE10,-4.517
10152016,HE11,1.2437
10152016,HE18,25.1035
10152016,HE19,26.1423
10162016,HE01,30.2283
10162016,HE03,24.019
10162016,HE02,23.72
10162016,HE05,19.3649
10162016,HE04,21.3162
10162016,HE07,15.2652
10162016,HE06,17.2615
10162016,HE09,15.0334
10162016,HE08,15.6256
10162016,HE23,50.2251
10162016,HE22,50.989
10162016,HE21,72.2114
10162016,HE20,55.157
10162016,HE24,31.8719
10162016,HE16,20.5672
10162016,HE17,20.9726
10162016,HE14,17.7352
10162016,HE15,20.8776
10162016,HE12,15.3934
10162016,HE13,16.665
10162016,HE10,14.216
10162016,HE11,16.5776
10162016,HE18,25.087
10162016,HE19,54.6467
10172016,HE01,35.6621
10172016,HE03,21.375
10172016,HE02,30.1931
10172016,HE05,12.8008
10172016,HE04,18.0493
10172016,HE07,15.4148
10172016,HE06,13.9362
10172016,HE09,16.3709
10172016,HE08,15.495
10172016,HE23,44.9546
10172016,HE22,51.5422
10172016,HE21,58.1955
10172016,HE20,64.7199
10172016,HE24,37.5253
10172016,HE16,70.6478
10172016,HE17,83.2953
10172016,HE14,21.238
10172016,HE15,32.5194
10172016,HE12,23.4137
10172016,HE13,19.3454
10172016,HE10,17.4796
10172016,HE11,20.1057
10172016,HE18,39.0009
10172016,HE19,38.3404
10182016,HE01,41.2952
10182016,HE03,26.7128
10182016,HE02,27.6072
10182016,HE05,16.9166
10182016,HE04,22.3219
10182016,HE07,15.611
10182016,HE06,17.3066
10182016,HE09,14.3387
10182016,HE08,15.7312
10182016,HE23,347.0693
10182016,HE22,306.6488
10182016,HE21,101.9652
10182016,HE20,35.144
10182016,HE24,31.6791
10182016,HE16,27.5718
10182016,HE17,83.7572
10182016,HE14,23.1221
10182016,HE15,35.8163
10182016,HE12,20.1628
10182016,HE13,20.8898
10182016,HE10,14.7107
10182016,HE11,17.5571
10182016,HE18,210.0226
10182016,HE19,33.7833
10192016,HE01,32.7941
10192016,HE03,27.1763
10192016,HE02,30.9248
10192016,HE05,18.3094
10192016,HE04,22.1475
10192016,HE07,17.8798
10192016,HE06,18.617
10192016,HE09,18.7488
10192016,HE08,17.9925
10192016,HE23,31.2447
10192016,HE22,31.3623
10192016,HE21,33.6615
10192016,HE20,34.2532
10192016,HE24,32.0899
10192016,HE16,34.0303
10192016,HE17,35.0212
10192016,HE14,28.1313
10192016,HE15,33.2149
10192016,HE12,26.4338
10192016,HE13,30.055
10192016,HE10,19.1
10192016,HE11,21.1546
10192016,HE18,34.5847
10192016,HE19,37.4964
10202016,HE01,20.4716
10202016,HE03,18.481
10202016,HE02,17.9822
10202016,HE05,15.5428
10202016,HE04,19.1736
10202016,HE07,16.483
10202016,HE06,16.9557
10202016,HE09,16.6519
10202016,HE08,16.446
10202016,HE23,31.6252
10202016,HE22,30.8279
10202016,HE21,26.6627
10202016,HE20,23.2933
10202016,HE24,40.8722
10202016,HE16,27.6287
10202016,HE17,26.7908
10202016,HE14,27.5489
10202016,HE15,29.4859
10202016,HE12,23.4206
10202016,HE13,24.8081
10202016,HE10,16.6353
10202016,HE11,18.3998
10202016,HE18,22.8024
10202016,HE19,33.1951
10212016,HE01,82.7634
10212016,HE03,28.7093
10212016,HE02,31.9538
10212016,HE05,20.1922
10212016,HE04,23.3372
10212016,HE07,16.8005
10212016,HE06,18.4367
10212016,HE09,15.9848
10212016,HE08,12.3934
10212016,HE23,30.1635
10212016,HE22,22.3408
10212016,HE21,33.6379
10212016,HE20,35.5071
10212016,HE24,28.1854
10212016,HE16,22.0938
10212016,HE17,21.5677
10212016,HE14,19.1162
10212016,HE15,22.4909
10212016,HE12,18.9978
10212016,HE13,20.4934
10212016,HE10,15.9592
10212016,HE11,15.9897
10212016,HE18,28.2611
10212016,HE19,22.052
10222016,HE01,19.5292
10222016,HE03,21.117
10222016,HE02,18.1632
10222016,HE05,15.2789
10222016,HE04,12.5318
10222016,HE07,16.191
10222016,HE06,14.2475
10222016,HE09,17.1967
10222016,HE08,16.2725
10222016,HE23,18.6123
10222016,HE22,16.8083
10222016,HE21,15.4763
10222016,HE20,16.6986
10222016,HE24,16.8246
10222016,HE16,268.8629
10222016,HE17,22.128
10222016,HE14,36.3607
10222016,HE15,380.6858
10222016,HE12,20.7819
10222016,HE13,24.9691
10222016,HE10,18.1561
10222016,HE11,19.2869
10222016,HE18,22.0039
10222016,HE19,18.7355
10232016,HE01,25.7354
10232016,HE03,9.6412
10232016,HE02,33.0456
10232016,HE05,10.5074
10232016,HE04,13.856
10232016,HE07,3.971
10232016,HE06,1.731
10232016,HE09,9.5378
10232016,HE08,1.9708
10232016,HE23,32.2052
10232016,HE22,29.1391
10232016,HE21,27.6797
10232016,HE20,24.9049
10232016,HE24,29.5306
10232016,HE16,18.9394
10232016,HE17,19.5475
10232016,HE14,16.4196
10232016,HE15,18.5777
10232016,HE12,17.2169
10232016,HE13,16.8942
10232016,HE10,12.955
10232016,HE11,20.3693
10232016,HE18,31.9747
10232016,HE19,35.0933
10242016,HE01,27.6414
10242016,HE03,21.7412
10242016,HE02,22.6136
10242016,HE05,23.2585
10242016,HE04,21.1807
10242016,HE07,19.7111
10242016,HE06,19.48
10242016,HE09,19.7735
10242016,HE08,19.8723
10242016,HE23,31.1976
10242016,HE22,35.58
10242016,HE21,34.4445
10242016,HE20,38.0841
10242016,HE24,33.4887
10242016,HE16,75.9903
10242016,HE17,35.2062
10242016,HE14,29.0479
10242016,HE15,34.53
10242016,HE12,35.1419
10242016,HE13,28.9354
10242016,HE10,20.3245
10242016,HE11,25.4909
10242016,HE18,33.9415
10242016,HE19,42.0444
10252016,HE01,23.3322
10252016,HE03,13.8836
10252016,HE02,18.9136
10252016,HE05,6.8455
10252016,HE04,9.0435
10252016,HE07,10.0534
10252016,HE06,10.3258
10252016,HE09,9.3569
10252016,HE08,9.8391
10252016,HE23,30.2026
10252016,HE22,30.5552
10252016,HE21,24.0642
10252016,HE20,22.6828
10252016,HE24,58.5375
10252016,HE16,25.451
10252016,HE17,26.1086
10252016,HE14,18.288
10252016,HE15,22.0698
10252016,HE12,18.0979
10252016,HE13,17.0154
10252016,HE10,15.671
10252016,HE11,16.8422
10252016,HE18,25.9293
10252016,HE19,39.1109
10262016,HE01,59.046
10262016,HE03,19.9033
10262016,HE02,23.0777
10262016,HE05,17.2123
10262016,HE04,19.3203
10262016,HE07,18.1437
10262016,HE06,16.0029
10262016,HE09,18.3725
10262016,HE08,18.4251
10262016,HE23,32.8139
10262016,HE22,31.8761
10262016,HE21,30.984
10262016,HE20,29.0074
10262016,HE24,32.719
10262016,HE16,26.8615
10262016,HE17,27.8374
10262016,HE14,21.8201
10262016,HE15,23.5783
10262016,HE12,41.0789
10262016,HE13,22.9895
10262016,HE10,19.3181
10262016,HE11,19.7578
10262016,HE18,28.6072
10262016,HE19,29.3366
10272016,HE01,30.6693
10272016,HE03,28.9857
10272016,HE02,29.2421
10272016,HE05,23.8737
10272016,HE04,27.046
10272016,HE07,19.9138
10272016,HE06,20.9027
10272016,HE09,18.9128
10272016,HE08,19.2834
10272016,HE23,28.0157
10272016,HE22,55.0906
10272016,HE21,36.1214
10272016,HE20,31.4448
10272016,HE24,25.5423
10272016,HE16,30.7819
10272016,HE17,34.4353
10272016,HE14,26.1792
10272016,HE15,28.3212
10272016,HE12,25.3613
10272016,HE13,31.0888
10272016,HE10,18.887
10272016,HE11,19.9421
10272016,HE18,29.4269
10272016,HE19,30.4333
10282016,HE01,17.2388
10282016,HE03,13.9965
10282016,HE02,19.3769
10282016,HE05,1.9097
10282016,HE04,14.7685
10282016,HE07,7.8428
10282016,HE06,9.2045
10282016,HE09,0.7413
10282016,HE08,1.837
10282016,HE23,21.6286
10282016,HE22,21.0166
10282016,HE21,20.8043
10282016,HE20,19.736
10282016,HE24,20.8328
10282016,HE16,20.1686
10282016,HE17,20.8705
10282016,HE14,16.1817
10282016,HE15,20.2917
10282016,HE12,14.839
10282016,HE13,16.9943
10282016,HE10,9.7351
10282016,HE11,12.9097
10282016,HE18,24.0419
10282016,HE19,22.0774
10292016,HE01,15.4614
10292016,HE03,14.8512
10292016,HE02,16.7515
10292016,HE05,12.0676
10292016,HE04,19.9534
10292016,HE07,11.4616
10292016,HE06,3.6871
10292016,HE09,-1.4682
10292016,HE08,4.3107
10292016,HE23,25.4475
10292016,HE22,82.8659
10292016,HE21,83.2727
10292016,HE20,33.4296
10292016,HE24,21.8447
10292016,HE16,19.5311
10292016,HE17,24.2206
10292016,HE14,14.1516
10292016,HE15,18.84
10292016,HE12,11.7728
10292016,HE13,15.928
10292016,HE10,4.1652
10292016,HE11,9.4852
10292016,HE18,19.3243
10292016,HE19,25.1476
10302016,HE01,17.739
10302016,HE03,21.8673
10302016,HE02,17.4842
10302016,HE05,20.1301
10302016,HE04,18.2121
10302016,HE07,18.3704
10302016,HE06,17.6596
10302016,HE09,17.236
10302016,HE08,18.2102
10302016,HE23,29.1707
10302016,HE22,30.6183
10302016,HE21,35.8714
10302016,HE20,27.2867
10302016,HE24,29.2844
10302016,HE16,21.7305
10302016,HE17,28.8376
10302016,HE14,18.3559
10302016,HE15,19.4489
10302016,HE12,17.5174
10302016,HE13,18.0846
10302016,HE10,16.7447
10302016,HE11,17.0437
10302016,HE18,27.381
10302016,HE19,38.0144
10312016,HE01,25.064
10312016,HE03,22.7442
10312016,HE02,25.2945
10312016,HE05,16.9652
10312016,HE04,17.7468
10312016,HE07,13.8896
10312016,HE06,14.0369
10312016,HE09,10.7653
10312016,HE08,11.8301
10312016,HE23,20.1422
10312016,HE22,21.3773
10312016,HE21,18.4161
10312016,HE20,16.8009
10312016,HE24,19.5274
10312016,HE16,22.0825
10312016,HE17,20.8309
10312016,HE14,17.9436
10312016,HE15,27.5551
10312016,HE12,20.19
10312016,HE13,21.0032
10312016,HE10,13.605
10312016,HE11,16.0697
10312016,HE18,19.4221
10312016,HE19,14.2099
11012016,HE01,17.6368
11012016,HE03,26.3994
11012016,HE02,22.201
11012016,HE05,14.1184
11012016,HE04,18.3347
11012016,HE07,12.1451
11012016,HE06,11.4927
11012016,HE09,14.713
11012016,HE08,12.8625
11012016,HE23,33.726
11012016,HE22,32.6156
11012016,HE21,39.2015
11012016,HE20,29.9885
11012016,HE24,34.3749
11012016,HE16,29.508
11012016,HE17,100.5289
11012016,HE14,21.1147
11012016,HE15,25.4322
11012016,HE12,24.4554
11012016,HE13,24.8325
11012016,HE10,14.5002
11012016,HE11,18.9852
11012016,HE18,127.9996
11012016,HE19,25.9246
11022016,HE01,32.1133
11022016,HE03,27.4753
11022016,HE02,27.0444
11022016,HE05,19.1281
11022016,HE04,23.8794
11022016,HE07,19.1252
11022016,HE06,19.5769
11022016,HE09,17.4739
11022016,HE08,18.7477
11022016,HE23,29.5194
11022016,HE22,32.2648
11022016,HE21,36.1655
11022016,HE20,30.6521
11022016,HE24,40.8695
11022016,HE16,39.4822
11022016,HE17,27.6109
11022016,HE14,20.6831
11022016,HE15,75.1699
11022016,HE12,69.5512
11022016,HE13,96.6362
11022016,HE10,18.5066
11022016,HE11,20.5615
11022016,HE18,48.6853
11022016,HE19,64.1773
11032016,HE01,35.194
11032016,HE03,26.5091
11032016,HE02,26.9596
11032016,HE05,25.5835
11032016,HE04,25.2842
11032016,HE07,23.3455
11032016,HE06,25.479
11032016,HE09,20.7976
11032016,HE08,21.4948
11032016,HE23,24.5448
11032016,HE22,24.636
11032016,HE21,36.7119
11032016,HE20,27.3849
11032016,HE24,25.175
11032016,HE16,25.2527
11032016,HE17,28.1595
11032016,HE14,25.3755
11032016,HE15,24.0757
11032016,HE12,29.8356
11032016,HE13,25.9312
11032016,HE10,22.5088
11032016,HE11,24.5788
11032016,HE18,27.7749
11032016,HE19,35.7459
11042016,HE01,32.5932
11042016,HE03,25.4539
11042016,HE02,38.8013
11042016,HE05,21.1329
11042016,HE04,29.3039
11042016,HE07,20.7036
11042016,HE06,21.3576
11042016,HE09,19.4033
11042016,HE08,20.6687
11042016,HE23,26.9207
11042016,HE22,27.4969
11042016,HE21,26.7618
11042016,HE20,27.6528
11042016,HE24,25.9097
11042016,HE16,25.5846
11042016,HE17,25.7347
11042016,HE14,23.6941
11042016,HE15,24.6123
11042016,HE12,24.085
11042016,HE13,24.1949
11042016,HE10,19.876
11042016,HE11,20.6986
11042016,HE18,25.5699
11042016,HE19,27.0305
11052016,HE01,24.1028
11052016,HE03,21.0931
11052016,HE02,22.7897
11052016,HE05,15.9494
11052016,HE04,18.5926
11052016,HE07,18.8938
11052016,HE06,17.626
11052016,HE09,18.454
11052016,HE08,18.238
11052016,HE23,20.175
11052016,HE22,20.3388
11052016,HE21,20.2579
11052016,HE20,20.3624
11052016,HE24,19.8499
11052016,HE16,23.2848
11052016,HE17,25.4708
11052016,HE14,21.6862
11052016,HE15,21.6189
11052016,HE12,19.5329
11052016,HE13,20.5116
11052016,HE10,18.88
11052016,HE11,19.1944
11052016,HE18,21.8113
11052016,HE19,21.0191
11062016,HE01,17.9839
11062016,HE03,17.2635
11062016,HE02,17.044
11062016,HE05,16.4557
11062016,HE04,16.5878
11062016,HE07,16.2594
11062016,HE06,15.883
11062016,HE09,15.857
11062016,HE08,16.1177
11062016,HE23,45.9052
11062016,HE22,19.3786
11062016,HE21,18.6712
11062016,HE20,18.736
11062016,HE24,25.263
11062016,HE16,18.9195
11062016,HE17,18.0868
11062016,HE14,17.7908
11062016,HE15,19.1349
11062016,HE12,17.4448
11062016,HE13,18.0524
11062016,HE10,16.0252
11062016,HE11,16.526
11062016,HE18,18.3235
11062016,HE19,18.4097
11072016,HE01,26.8445
11072016,HE03,19.9354
11072016,HE02,22.0601
11072016,HE05,16.9924
11072016,HE04,18.6877
11072016,HE07,16.9856
11072016,HE06,17.2126
11072016,HE09,18.3795
11072016,HE08,18.326
11072016,HE23,25.9579
11072016,HE22,23.6858
11072016,HE21,25.2257
11072016,HE20,24.8417
11072016,HE24,85.2769
11072016,HE16,34.7673
11072016,HE17,26.9811
11072016,HE14,30.6798
11072016,HE15,24.9333
11072016,HE12,20.6025
11072016,HE13,67.7181
11072016,HE10,18.9208
11072016,HE11,19.6583
11072016,HE18,29.303
11072016,HE19,24.6665
11082016,HE01,22.117
11082016,HE03,21.6473
11082016,HE02,21.862
11082016,HE05,19.7388
11082016,HE04,20.985
11082016,HE07,18.3033
11082016,HE06,18.8488
11082016,HE09,11.7407
11082016,HE08,17.2719
11082016,HE23,22.8776
11082016,HE22,20.7207
11082016,HE21,20.2135
11082016,HE20,20.5298
11082016,HE24,37.1611
11082016,HE16,44.1246
11082016,HE17,85.4352
11082016,HE14,21.6501
11082016,HE15,21.9558
11082016,HE12,15.5383
11082016,HE13,21.376
11082016,HE10,9.6991
11082016,HE11,13.9544
11082016,HE18,19.6824
11082016,HE19,30.9916
11092016,HE01,23.2276
11092016,HE03,20.4786
11092016,HE02,21.3111
11092016,HE05,19.5708
11092016,HE04,19.3897
11092016,HE07,19.4527
11092016,HE06,19.5199
11092016,HE09,19.5606
11092016,HE08,19.4742
11092016,HE23,70.1763
11092016,HE22,26.7839
11092016,HE21,25.4262
11092016,HE20,25.9489
11092016,HE24,29.5785
11092016,HE16,28.6413
11092016,HE17,24.4807
11092016,HE14,26.946
11092016,HE15,29.2883
11092016,HE12,20.6696
11092016,HE13,21.8339
11092016,HE10,19.6049
11092016,HE11,19.6077
11092016,HE18,25.2902
11092016,HE19,25.1673
11102016,HE01,44.4178
11102016,HE03,22.5655
11102016,HE02,23.512
11102016,HE05,19.0301
11102016,HE04,20.7109
11102016,HE07,12.6635
11102016,HE06,17.0187
11102016,HE09,16.0612
11102016,HE08,12.0805
11102016,HE23,22.2555
11102016,HE22,22.2933
11102016,HE21,22.5056
11102016,HE20,25.1023
11102016,HE24,23.076
11102016,HE16,231.6366
11102016,HE17,21.2088
11102016,HE14,20.6172
11102016,HE15,72.7481
11102016,HE12,20.6772
11102016,HE13,21.3218
11102016,HE10,14.4854
11102016,HE11,17.0521
11102016,HE18,21.215
11102016,HE19,21.1896
11112016,HE01,20.1697
11112016,HE03,19.1256
11112016,HE02,19.4783
11112016,HE05,16.1472
11112016,HE04,15.9791
11112016,HE07,16.0552
11112016,HE06,13.4068
11112016,HE09,15.9953
11112016,HE08,16.8201
11112016,HE23,17.3474
11112016,HE22,17.1607
11112016,HE21,17.9682
11112016,HE20,18.9839
11112016,HE24,18.5143
11112016,HE16,18.3056
11112016,HE17,18.9095
11112016,HE14,16.5143
11112016,HE15,18.0391
11112016,HE12,16.1205
11112016,HE13,15.6887
11112016,HE10,15.6693
11112016,HE11,14.9515
11112016,HE18,19.3537
11112016,HE19,19.3509
11122016,HE01,18.4631
11122016,HE03,16.7918
11122016,HE02,17.7375
11122016,HE05,16.7756
11122016,HE04,16.427
11122016,HE07,16.7615
11122016,HE06,16.5244
11122016,HE09,17.5477
11122016,HE08,16.764
11122016,HE23,19.6277
11122016,HE22,19.0802
11122016,HE21,19.4142
11122016,HE20,19.5314
11122016,HE24,20.6426
11122016,HE16,22.0325
11122016,HE17,22.6515
11122016,HE14,19.9546
11122016,HE15,20.6923
11122016,HE12,19.0763
11122016,HE13,19.2773
11122016,HE10,18.2218
11122016,HE11,18.8008
11122016,HE18,20.4525
11122016,HE19,19.8212
11132016,HE01,18.9248
11132016,HE03,15.5449
11132016,HE02,14.5334
11132016,HE05,11.8242
11132016,HE04,14.3342
11132016,HE07,10.2542
11132016,HE06,9.7646
11132016,HE09,10.4057
11132016,HE08,8.978
11132016,HE23,18.5076
11132016,HE22,17.0653
11132016,HE21,16.6104
11132016,HE20,15.9568
11132016,HE24,26.9995
11132016,HE16,20.4551
11132016,HE17,17.8985
11132016,HE14,11.6452
11132016,HE15,13.339
11132016,HE12,11.3145
11132016,HE13,12.4718
11132016,HE10,10.3362
11132016,HE11,10.1616
11132016,HE18,16.7874
11132016,HE19,15.869
11142016,HE01,18.5772
11142016,HE03,16.8324
11142016,HE02,17.0295
11142016,HE05,15.1616
11142016,HE04,15.3497
11142016,HE07,15.3986
11142016,HE06,15.3503
11142016,HE09,14.4632
11142016,HE08,15.5702
11142016,HE23,42.391
11142016,HE22,22.7808
11142016,HE21,22.6321
11142016,HE20,22.7674
11142016,HE24,23.1135
11142016,HE16,26.6151
11142016,HE17,24.2174
11142016,HE14,19.2479
11142016,HE15,20.7606
11142016,HE12,21.3666
11142016,HE13,19.9321
11142016,HE10,16.0159
11142016,HE11,18.2775
11142016,HE18,23.1365
11142016,HE19,22.9521
11152016,HE01,22.8535
11152016,HE03,21.9217
11152016,HE02,21.9837
11152016,HE05,17.841
11152016,HE04,19.0184
11152016,HE07,15.9242
11152016,HE06,16.0984
11152016,HE09,16.4189
11152016,HE08,16.2037
11152016,HE23,25.096
11152016,HE22,25.3221
11152016,HE21,26.1269
11152016,HE20,26.7858
11152016,HE24,23.8833
11152016,HE16,27.8627
11152016,HE17,25.072
11152016,HE14,19.5224
11152016,HE15,18.9052
11152016,HE12,18.7251
11152016,HE13,19.8923
11152016,HE10,16.435
11152016,HE11,16.104
11152016,HE18,24.471
11152016,HE19,35.8592
11162016,HE01,23.1567
11162016,HE03,21.903
11162016,HE02,22.8466
11162016,HE05,17.5551
11162016,HE04,19.2799
11162016,HE07,18.6503
11162016,HE06,17.4884
11162016,HE09,17.8444
11162016,HE08,18.217
11162016,HE23,13.9594
11162016,HE22,14.3975
11162016,HE21,12.7687
11162016,HE20,10.8747
11162016,HE24,17.3603
11162016,HE16,22.7948
11162016,HE17,22.6802
11162016,HE14,16.2266
11162016,HE15,18.6737
11162016,HE12,18.771
11162016,HE13,21.0243
11162016,HE10,17.0521
11162016,HE11,16.0712
11162016,HE18,18.3469
11162016,HE19,13.985
11172016,HE01,14.9667
11172016,HE03,14.0397
11172016,HE02,16.1316
11172016,HE05,8.5617
11172016,HE04,11.5675
11172016,HE07,9.3278
11172016,HE06,-0.3944
11172016,HE09,4.8991
11172016,HE08,3.5508
11172016,HE23,19.9081
11172016,HE22,23.9649
11172016,HE21,19.4632
11172016,HE20,24.4006
11172016,HE24,21.4177
11172016,HE16,45.8674
11172016,HE17,26.2807
11172016,HE14,36.5227
11172016,HE15,24.3846
11172016,HE12,18.6439
11172016,HE13,24.1925
11172016,HE10,11.4442
11172016,HE11,12.2595
11172016,HE18,28.8181
11172016,HE19,70.9671
11182016,HE01,19.8288
11182016,HE03,20.3913
11182016,HE02,25.5391
11182016,HE05,13.5491
11182016,HE04,20.6128
11182016,HE07,9.6079
11182016,HE06,13.7895
11182016,HE09,9.469
11182016,HE08,11.4671
11182016,HE23,16.8643
11182016,HE22,12.8675
11182016,HE21,13.0247
11182016,HE20,13.436
11182016,HE24,32.3001
11182016,HE16,13.7748
11182016,HE17,14.4537
11182016,HE14,15.8367
11182016,HE15,17.3785
11182016,HE12,14.7448
11182016,HE13,16.464
11182016,HE10,12.2097
11182016,HE11,13.3623
11182016,HE18,14.5041
11182016,HE19,14.0139
11192016,HE01,21.216
11192016,HE03,19.2135
11192016,HE02,19.8478
11192016,HE05,18.9589
11192016,HE04,19.4166
11192016,HE07,17.4675
11192016,HE06,16.1135
11192016,HE09,19.5049
11192016,HE08,18.4918
11192016,HE23,18.4123
11192016,HE22,17.2939
11192016,HE21,18.179
11192016,HE20,19.7843
11192016,HE24,22.0426
11192016,HE16,29.7483
11192016,HE17,24.3858
11192016,HE14,23.4993
11192016,HE15,25.362
11192016,HE12,21.7731
11192016,HE13,23.0039
11192016,HE10,21.1395
11192016,HE11,23.548
11192016,HE18,24.6962
11192016,HE19,20.5655
11202016,HE01,21.0243
11202016,HE03,19.3832
11202016,HE02,20.5117
11202016,HE05,17.3881
11202016,HE04,18.4031
11202016,HE07,10.8742
11202016,HE06,14.868
11202016,HE09,11.7518
11202016,HE08,11.0365
11202016,HE23,20.9194
11202016,HE22,18.8969
11202016,HE21,19.1014
11202016,HE20,18.6149
11202016,HE24,25.909
11202016,HE16,18.7347
11202016,HE17,18.6617
11202016,HE14,16.4028
11202016,HE15,17.7003
11202016,HE12,13.1765
11202016,HE13,15.3545
11202016,HE10,11.6484
11202016,HE11,13.8524
11202016,HE18,18.8904
11202016,HE19,19.1605
11212016,HE01,20.3476
11212016,HE03,20.557
11212016,HE02,20.6586
11212016,HE05,19.0227
11212016,HE04,20.5156
11212016,HE07,18.5561
11212016,HE06,18.848
11212016,HE09,19.4553
11212016,HE08,19.0725
11212016,HE23,15.279
11212016,HE22,17.5753
11212016,HE21,17.8248
11212016,HE20,19.8766
11212016,HE24,12.9916
11212016,HE16,27.7074
11212016,HE17,25.1924
11212016,HE14,25.334
11212016,HE15,33.2541
11212016,HE12,21.0641
11212016,HE13,22.5772
11212016,HE10,21.4686
11212016,HE11,20.9102
11212016,HE18,23.0573
11212016,HE19,21.6132
11222016,HE01,13.507
11222016,HE03,10.5521
11222016,HE02,15.1621
11222016,HE05,7.8602
11222016,HE04,7.7699
11222016,HE07,7.2268
11222016,HE06,3.8515
11222016,HE09,7.9874
11222016,HE08,11.5745
11222016,HE23,15.515
11222016,HE22,28.8234
11222016,HE21,16.4621
11222016,HE20,18.909
11222016,HE24,21.2043
11222016,HE16,17.7226
11222016,HE17,26.1316
11222016,HE14,16.3194
11222016,HE15,18.037
11222016,HE12,16.0156
11222016,HE13,16.7511
11222016,HE10,10.1766
11222016,HE11,13.3326
11222016,HE18,18.3776
11222016,HE19,17.7565
11232016,HE01,22.7038
11232016,HE03,13.6035
11232016,HE02,16.5586
11232016,HE05,15.703
11232016,HE04,15.7579
11232016,HE07,12.562
11232016,HE06,7.2699
11232016,HE09,6.8487
11232016,HE08,7.8488
11232016,HE23,24.8013
11232016,HE22,23.7865
11232016,HE21,23.3778
11232016,HE20,25.3484
11232016,HE24,26.2623
11232016,HE16,19.4781
11232016,HE17,21.228
11232016,HE14,18.3723
11232016,HE15,18.9865
11232016,HE12,15.7977
11232016,HE13,16.8932
11232016,HE10,11.2657
11232016,HE11,14.3395
11232016,HE18,44.2742
11232016,HE19,26.3303
11242016,HE01,25.6167
11242016,HE03,21.1473
11242016,HE02,23.1926
11242016,HE05,13.8619
11242016,HE04,18.4248
11242016,HE07,15.1963
11242016,HE06,13.2164
11242016,HE09,13.4776
11242016,HE08,13.4201
11242016,HE23,16.6565
11242016,HE22,14.91
11242016,HE21,18.0737
11242016,HE20,16.4625
11242016,HE24,19.5856
11242016,HE16,46.7529
11242016,HE17,52.1748
11242016,HE14,21.0967
11242016,HE15,47.1606
11242016,HE12,16.0261
11242016,HE13,15.8517
11242016,HE10,15.9901
11242016,HE11,16.3876
11242016,HE18,19.1827
11242016,HE19,17.2394
11252016,HE01,17.2119
11252016,HE03,17.904
11252016,HE02,18.9362
11252016,HE05,18.9604
11252016,HE04,18.5813
11252016,HE07,17.3051
11252016,HE06,17.5276
11252016,HE09,16.7725
11252016,HE08,17.0349
11252016,HE23,19.0815
11252016,HE22,19.0616
11252016,HE21,19.8797
11252016,HE20,20.7407
11252016,HE24,19.2929
11252016,HE16,20.2972
11252016,HE17,23.046
11252016,HE14,18.2835
11252016,HE15,19.1044
11252016,HE12,16.2041
11252016,HE13,17.3551
11252016,HE10,10.3012
11252016,HE11,15.163
11252016,HE18,22.4726
11252016,HE19,21.068
11262016,HE01,18.1545
11262016,HE03,17.4001
11262016,HE02,17.7895
11262016,HE05,13.2246
11262016,HE04,14.7457
11262016,HE07,15.5135
11262016,HE06,12.4454
11262016,HE09,13.6395
11262016,HE08,16.2745
11262016,HE23,19.8147
11262016,HE22,17.4673
11262016,HE21,16.3623
11262016,HE20,16.6964
11262016,HE24,25.3268
11262016,HE16,27.0271
11262016,HE17,21.4919
11262016,HE14,15.7413
11262016,HE15,17.9866
11262016,HE12,19.0671
11262016,HE13,17.1976
11262016,HE10,16.9932
11262016,HE11,19.4597
11262016,HE18,23.5103
11262016,HE19,28.8948
11272016,HE01,17.5859
11272016,HE03,14.5964
11272016,HE02,17.9074
11272016,HE05,11.8795
11272016,HE04,14.9697
11272016,HE07,9.1555
11272016,HE06,11.4281
11272016,HE09,10.0532
11272016,HE08,23.8824
11272016,HE23,15.6006
11272016,HE22,11.0266
11272016,HE21,9.705
11272016,HE20,12.2261
11272016,HE24,30.2027
11272016,HE16,8.5232
11272016,HE17,14.0417
11272016,HE14,6.1111
11272016,HE15,8.7142
11272016,HE12,7.4867
11272016,HE13,3.6318
11272016,HE10,2.455
11272016,HE11,-0.6664
11272016,HE18,8.2814
11272016,HE19,12.7962
11282016,HE01,29.5466
11282016,HE03,16.9353
11282016,HE02,51.5478
11282016,HE05,2.9071
11282016,HE04,15.137
11282016,HE07,-9.3219
11282016,HE06,-8.6955
11282016,HE09,6.1931
11282016,HE08,0.9132
11282016,HE23,51.6079
11282016,HE22,19.5521
11282016,HE21,18.8899
11282016,HE20,20.2783
11282016,HE24,60.2884
11282016,HE16,24.3664
11282016,HE17,19.9385
11282016,HE14,18.3354
11282016,HE15,19.1017
11282016,HE12,15.8747
11282016,HE13,17.701
11282016,HE10,4.3366
11282016,HE11,8.6883
11282016,HE18,19.84
11282016,HE19,20.6875
11292016,HE01,36.1661
11292016,HE03,20.5759
11292016,HE02,21.3566
11292016,HE05,13.9698
11292016,HE04,15.1636
11292016,HE07,7.2199
11292016,HE06,10.9193
11292016,HE09,11.2004
11292016,HE08,10.3691
11292016,HE23,17.0908
11292016,HE22,14.9756
11292016,HE21,14.527
11292016,HE20,16.5719
11292016,HE24,37.8274
11292016,HE16,46.7452
11292016,HE17,16.9641
11292016,HE14,20.1298
11292016,HE15,24.2663
11292016,HE12,33.9885
11292016,HE13,30.9593
11292016,HE10,12.418
11292016,HE11,18.6773
11292016,HE18,15.3069
11292016,HE19,20.5891
11302016,HE01,47.2647
11302016,HE03,30.5863
11302016,HE02,18.2163
11302016,HE05,15.0023
11302016,HE04,17.9996
11302016,HE07,7.4322
11302016,HE06,9.8115
11302016,HE09,9.4442
11302016,HE08,11.1999
11302016,HE23,21.3317
11302016,HE22,20.8289
11302016,HE21,15.671
11302016,HE20,14.5612
11302016,HE24,107.1495
11302016,HE16,23.722
11302016,HE17,24.5971
11302016,HE14,29.1293
11302016,HE15,20.5802
11302016,HE12,14.1518
11302016,HE13,24.5123
11302016,HE10,10.2251
11302016,HE11,13.1473
11302016,HE18,13.8153
11302016,HE19,13.3146
12012016,HE01,34.6453
12012016,HE03,38.2876
12012016,HE02,37.4175
12012016,HE05,26.6202
12012016,HE04,25.417
12012016,HE06,21.5807
